seller,order_status,number_of_orders
0015a8,delivered,3
001cca,delivered,234
001cca,shipped,5
001e6a,canceled,1
002100,delivered,54
002100,shipped,1
003554,delivered,1
004c9c,delivered,168
004c9c,shipped,2
00720a,delivered,26
00ab3e,delivered,1
00d8b1,delivered,1
00ee68,delivered,172
00fc70,delivered,135
010543,delivered,2
010da0,delivered,5
011b0e,delivered,2
01266d,delivered,3
013900,delivered,26
014c06,delivered,15
014d9a,delivered,12
0176f7,delivered,38
0176f7,shipped,1
01bcc9,delivered,10
01bcc9,shipped,1
01c97e,delivered,12
01cf7e,delivered,65
01cf7e,shipped,2
01ed25,delivered,5
01fd07,delivered,39
01fdef,delivered,130
01fdef,shipped,1
0241d4,delivered,246
0249d2,delivered,11
024b56,delivered,8
028872,delivered,3
02a227,processing,1
02a227,canceled,1
02b72c,delivered,4
02c988,delivered,16
02c988,shipped,1
02d352,delivered,16
02dcd3,delivered,15
02dcd3,shipped,2
02ecc2,delivered,24
02f583,delivered,30
02f623,delivered,44
0307f7,delivered,6
0307f7,canceled,1
033618,delivered,2
034b93,delivered,8
038b75,delivered,2
039b29,delivered,9
039e6a,delivered,5
03a2a6,delivered,9
03bd47,delivered,3
0417b0,delivered,13
042573,delivered,3
04308b,delivered,92
04308b,shipped,2
0432ea,delivered,87
0432ea,canceled,2
0432ea,processing,1
044668,delivered,4
048438,delivered,2
048c27,delivered,50
048c27,shipped,1
04aa0a,delivered,17
04aba0,delivered,15
04aba0,shipped,1
04e38a,delivered,24
04e38a,shipped,4
04ee0e,delivered,1
04fdea,delivered,8
04fdea,invoiced,1
04fdea,canceled,1
050904,delivered,96
050904,shipped,2
052577,processing,3
052577,delivered,1
054694,delivered,21
054694,shipped,1
056b4a,delivered,65
056b4a,shipped,1
057035,delivered,11
057300,delivered,4
058cb5,delivered,12
058cb5,shipped,1
058fd0,delivered,63
058fd0,shipped,1
05a48c,delivered,1
05a940,delivered,9
05a940,processing,1
05aebc,delivered,2
05ca86,delivered,1
05d217,delivered,66
05e107,delivered,8
05f51e,delivered,60
05f51e,processing,2
05f51e,shipped,1
05feb9,delivered,6
05ff92,delivered,60
05ff92,shipped,2
062c32,delivered,2
062ce9,delivered,59
062ce9,invoiced,1
06532f,delivered,8
06532f,shipped,1
06579c,delivered,70
06579c,shipped,2
066a69,delivered,72
066a69,shipped,1
066a69,invoiced,1
069114,delivered,53
069261,delivered,4
06a2c3,delivered,402
06a2c3,shipped,3
06bb3a,delivered,18
06df0c,delivered,30
06e5ee,delivered,93
06e5ee,processing,1
06e5ee,invoiced,1
07017d,delivered,9
070d16,delivered,38
070d16,shipped,1
0725b8,delivered,36
0725b8,processing,1
0743a0,delivered,4
0747d5,delivered,13
0747d5,invoiced,2
076174,delivered,7
077c5f,delivered,6
0791d9,delivered,11
079d29,delivered,10
07a9bc,delivered,1
07bf96,delivered,24
07d75e,delivered,2
07de60,delivered,9
07e8e8,delivered,2
080102,delivered,128
080102,shipped,1
080102,processing,1
080199,delivered,83
08061d,delivered,4
08084d,delivered,12
081acf,delivered,8
082e0b,delivered,23
085f6f,delivered,8
08633c,delivered,97
0873d9,delivered,6
0885aa,delivered,29
0885aa,shipped,1
0887a9,delivered,12
08ad4a,delivered,7
08cdba,delivered,6
08d094,delivered,12
08d1c9,delivered,1
08d2d6,delivered,20
08d2d6,shipped,1
08f581,delivered,3
091065,delivered,2
0936e1,delivered,2
093805,delivered,27
094ced,delivered,19
0951a6,delivered,7
09883d,delivered,4
09883d,processing,1
099095,delivered,19
099095,shipped,1
09bad8,delivered,5
09f952,delivered,56
0a198e,delivered,1
0a82f5,delivered,2
0a85eb,delivered,12
0aa124,invoiced,1
0aa124,canceled,1
0aa220,delivered,11
0ac420,delivered,14
0ad80d,delivered,6
0adac9,delivered,134
0adac9,canceled,7
0adac9,shipped,1
0ade5c,delivered,2
0aea4c,delivered,8
0af2ab,delivered,1
0af977,delivered,2
0afccd,delivered,24
0afccd,invoiced,1
0b0910,delivered,1
0b0ddb,delivered,3
0b18d6,delivered,14
0b1ca3,delivered,1
0b35c6,delivered,77
0b35c6,shipped,1
0b3606,delivered,15
0b3f27,delivered,2
0b46f7,delivered,1
0b64bc,delivered,4
0b90b6,delivered,209
0b90b6,shipped,1
0bae85,delivered,145
0bae85,shipped,1
0bb272,delivered,1
0bb738,delivered,30
0bb738,invoiced,1
0be8ff,delivered,175
0be8ff,canceled,3
0be8ff,shipped,2
0bebbb,delivered,9
0bf015,delivered,62
0bfd0b,delivered,6
0c7533,delivered,73
0c7f30,delivered,5
0c8380,delivered,218
0c8380,shipped,2
0cab2d,delivered,3
0cbcee,delivered,39
0cbcee,shipped,1
0cbcee,canceled,1
0d33a5,delivered,24
0d4c82,delivered,4
0d83f8,delivered,8
0d85bb,delivered,58
0daf51,delivered,2
0db783,delivered,137
0dd184,delivered,193
0ddefe,delivered,10
0df398,delivered,88
0df398,canceled,1
0dfbed,delivered,3
0e44d1,delivered,6
0e72c1,delivered,3
0e982c,delivered,7
0e982c,invoiced,5
0ea22c,delivered,265
0ea22c,shipped,2
0ea22c,invoiced,2
0eaa7e,delivered,15
0ebd97,delivered,32
0ec28c,delivered,4
0ed6ce,delivered,42
0ed6ce,shipped,1
0ee4fb,delivered,1
0ef83d,delivered,55
0f0c98,delivered,4
0f519b,delivered,1
0f7eea,delivered,3
0f80a4,delivered,1
0f9458,delivered,1
0fe2d9,delivered,3
0ff830,delivered,11
0ffa40,delivered,35
10076e,delivered,26
10089e,delivered,3
101921,processing,1
101a3a,delivered,6
1025f0,delivered,1420
1025f0,shipped,8
10264f,delivered,4
1099a0,delivered,3
10cdd4,delivered,3
10ff82,delivered,8
10ff82,canceled,1
112453,delivered,14
1127b7,delivered,128
1127b7,canceled,4
113052,delivered,40
113e3a,delivered,48
116ccb,delivered,73
11742f,delivered,2
117cfc,delivered,5
11938f,delivered,2
119c7f,delivered,2
119d1a,delivered,4
11bfa6,delivered,102
11d4c4,delivered,4
11eac1,delivered,5
11fb6f,delivered,3
120476,delivered,6
1284de,delivered,3
128639,delivered,554
128639,shipped,5
128639,invoiced,1
128f9b,delivered,15
128f9b,canceled,1
12a8eb,delivered,2
12b967,delivered,133
12b967,shipped,1
12b967,canceled,1
12c2ed,delivered,4
13074f,delivered,14
13074f,shipped,1
131fcb,delivered,4
1336ef,delivered,85
134285,delivered,4
134a28,delivered,9
134b86,delivered,1
13511d,delivered,6
1352e0,delivered,2
1352e0,canceled,2
1354d5,delivered,20
138dbe,delivered,58
139157,delivered,1
13c2ed,delivered,9
13d058,delivered,22
13d058,shipped,1
13d95f,delivered,1
13dd30,delivered,3
13e85a,delivered,1
13f57c,delivered,13
13fa2a,delivered,10
141440,delivered,12
143023,delivered,22
143023,shipped,1
1444c0,delivered,1
1464af,delivered,30
14a082,delivered,38
14d798,delivered,38
14ee35,delivered,6
14f2b3,delivered,2
152ee1,delivered,6
154bdf,delivered,1
1554a6,delivered,267
1554a6,shipped,2
157c3e,delivered,31
1588ac,delivered,3
15aac9,delivered,26
15ac3c,processing,1
15aec0,processing,1
15b3b1,processing,1
15b3b1,delivered,1
15cd6e,delivered,18
15ead3,delivered,7
15ead3,shipped,1
15fa79,delivered,8
160851,delivered,2
16090f,delivered,406
16090f,shipped,4
160e4f,delivered,4
164a5a,delivered,1
165b12,delivered,16
165fc0,delivered,64
1660ad,delivered,13
166e8f,delivered,2
167fd9,delivered,5
1690ca,delivered,10
1690ca,shipped,1
16bdc8,delivered,1
1703bc,delivered,1
1710c3,delivered,2
173065,delivered,30
173065,shipped,2
173d56,delivered,2
1746c1,delivered,1
177129,delivered,36
1782ce,delivered,10
17908c,delivered,11
17998c,delivered,2
179d85,delivered,19
17a053,delivered,148
17a053,shipped,1
17adeb,processing,3
17ca9b,delivered,128
17ca9b,shipped,1
17e34d,delivered,260
17e34d,shipped,6
17e34d,canceled,2
17eea2,delivered,3
17eea2,shipped,1
17f51e,delivered,61
180c33,delivered,10
1835b5,delivered,551
1835b5,shipped,5
1835b5,invoiced,2
1838dd,delivered,65
1838dd,shipped,2
184725,delivered,3
184a67,delivered,10
184a67,shipped,1
186cdd,delivered,6
189ca3,delivered,5
18a349,delivered,128
18a349,processing,15
18a349,invoiced,3
18a349,canceled,2
18e694,delivered,34
190026,delivered,523
190026,shipped,5
190026,invoiced,1
191d55,delivered,3
1927cd,delivered,1
19484c,delivered,1
1961c3,delivered,3
1961c3,canceled,1
1967a9,processing,2
1976a0,delivered,9
1987cd,delivered,16
198c7e,delivered,25
1992f8,canceled,1
199694,delivered,9
199694,shipped,1
19a7c9,delivered,1
19d62d,delivered,1
19e0f4,delivered,4
1a3df4,delivered,171
1a3df4,shipped,6
1a3df4,invoiced,1
1a6245,processing,1
1a8e2d,delivered,1
1a932c,delivered,30
1acde0,delivered,10
1b0b0f,delivered,2
1b1ae4,delivered,10
1b1ae4,shipped,1
1b4516,delivered,8
1b4b28,delivered,1
1b4c3a,delivered,115
1b4c3a,shipped,2
1b61fb,delivered,1
1b65c1,delivered,5
1b7e50,delivered,11
1b8356,delivered,60
1b8356,shipped,1
1b8b75,delivered,15
1b8b75,shipped,2
1b8b75,processing,1
1b8b75,canceled,1
1b938a,delivered,31
1b938a,shipped,2
1bb2bd,delivered,83
1bb2bd,shipped,1
1bb2bd,invoiced,1
1bb381,delivered,9
1bc2e2,delivered,5
1c1290,delivered,219
1c1290,shipped,1
1c4034,delivered,22
1c56ff,delivered,3
1c5e4e,delivered,12
1c6839,delivered,171
1c742a,delivered,1
1c8341,delivered,1
1ca4bd,delivered,3
1ca4bd,canceled,1
1ca707,delivered,127
1ca707,shipped,9
1ca707,invoiced,1
1caf28,delivered,37
1cbcd2,delivered,3
1cbd32,delivered,12
1cbd50,delivered,9
1cbdc7,delivered,2
1cd9e0,delivered,5
1ce3ae,delivered,44
1d0646,delivered,2
1d0997,delivered,3
1d139e,delivered,2
1d1bbb,delivered,4
1d2732,delivered,5
1d29df,delivered,12
1d4587,delivered,41
1d4587,shipped,2
1d5037,delivered,17
1d8dbc,delivered,97
1d8dbc,shipped,1
1d9530,delivered,1
1da366,delivered,48
1da366,shipped,1
1da3ae,delivered,324
1da3ae,shipped,3
1da3ae,canceled,1
1dc2de,delivered,27
1dcfa3,delivered,14
1dcfa3,processing,1
1dd33b,delivered,8
1de62b,delivered,2
1dfe53,delivered,26
1dfe53,shipped,1
1e26c5,delivered,2
1e47d8,delivered,1
1e47de,delivered,3
1e483c,delivered,10
1e483c,shipped,1
1e8b33,delivered,139
1e8b33,shipped,1
1e8c6a,delivered,5
1e9d5a,delivered,2
1eade4,delivered,75
1f1bb1,delivered,29
1f2eeb,delivered,1
1f50f9,delivered,1926
1f50f9,shipped,4
1f50f9,canceled,1
1f7dfa,delivered,1
1f7fd2,delivered,3
1f8673,delivered,13
1f9ab4,delivered,77
1f9ab4,shipped,1
1f9ab4,invoiced,1
1fa2d3,delivered,1
1fbe10,delivered,6
1fdc57,delivered,18
1fddcb,canceled,1
1fe554,delivered,25
1fe61a,delivered,2
2009a0,delivered,12
2039c5,delivered,1
204b4e,delivered,1
2059c3,delivered,12
20611a,delivered,2
2063dd,delivered,3
2075d8,delivered,3
2078fe,canceled,1
2089a6,delivered,41
2089a6,shipped,1
2089a6,invoiced,1
2089a6,canceled,1
20a7ef,delivered,6
20a8b0,delivered,7
20b54c,delivered,7
20b54c,canceled,2
20b54c,processing,1
20b54c,invoiced,1
20cb7c,delivered,50
20cb7c,shipped,1
20d53a,shipped,1
20d53a,delivered,1
20d83f,delivered,54
20f0ae,delivered,1
20fd2d,processing,1
2138cc,delivered,419
2138cc,shipped,6
2138cc,canceled,4
213b25,delivered,190
213b25,shipped,4
213faf,delivered,3
2156f2,delivered,21
2156f2,shipped,1
217f00,delivered,2
217f00,processing,1
218d46,delivered,420
218d46,shipped,5
218d46,canceled,2
218f99,delivered,17
2199e7,delivered,30
2199e7,invoiced,1
21c62b,delivered,4
21d593,delivered,2
21e838,delivered,13
21e838,shipped,1
21e838,invoiced,1
2235cf,delivered,1
226b05,delivered,11
228e4c,delivered,5
229c3e,delivered,145
229c3e,shipped,3
22a23e,delivered,1
22c32e,delivered,6
2305ab,delivered,3
232a60,delivered,35
232a60,shipped,1
23613d,delivered,79
23613d,shipped,1
236585,delivered,11
2379bd,delivered,9
238fac,delivered,30
23a0ff,delivered,24
23c38d,delivered,46
23ca5f,delivered,7
23d7c9,delivered,52
23d7c9,canceled,3
23ff42,delivered,3
240b97,delivered,35
240b97,shipped,1
244b04,delivered,2
244b04,invoiced,1
244c2f,delivered,27
247587,delivered,1
2493dc,delivered,4
249f0e,delivered,3
24a6da,delivered,2
24c1de,delivered,1
252851,delivered,166
252851,canceled,1
252874,delivered,5
252e76,delivered,4
253c02,delivered,2
253f95,delivered,5
257e61,delivered,12
258447,delivered,1
259f7b,delivered,162
259f7b,shipped,2
259f7b,invoiced,1
25be94,delivered,3
25be94,shipped,2
25c5c9,delivered,266
25c5c9,invoiced,3
25cf09,delivered,50
25debe,delivered,6
25debe,canceled,1
25e473,delivered,17
25e6ff,delivered,115
25e6ff,shipped,1
25e6ff,canceled,1
262237,delivered,10
2646ba,delivered,18
26562f,delivered,2
265fdc,delivered,1
26785a,delivered,15
269c5f,delivered,6
269cff,delivered,5
26af45,delivered,11
26b482,delivered,4
26bad7,delivered,7
26d6bb,delivered,13
26d8a1,delivered,36
26d8a1,shipped,2
26e13b,delivered,4
26e2c9,delivered,14
26e2e5,delivered,1
26f6b7,delivered,2
270297,delivered,19
270297,canceled,1
270572,delivered,1
2709af,delivered,46
2709af,shipped,1
270d3e,delivered,17
270d3e,shipped,1
271b89,delivered,1
271c58,delivered,27
271c58,shipped,1
271c58,invoiced,1
272f09,delivered,39
272f09,canceled,1
2745f7,delivered,32
276677,delivered,45
276677,shipped,2
278b6e,canceled,2
27a56f,delivered,8
282c74,delivered,8
282f23,delivered,109
282f23,shipped,1
284058,delivered,6
284058,invoiced,1
28872d,delivered,1
289cdb,delivered,125
289cdb,shipped,1
28a26e,delivered,1
28c7d8,delivered,3
28d162,delivered,1
28ea41,delivered,6
28f10b,delivered,28
28fb08,processing,2
28fb08,delivered,2
293dee,delivered,8
2953ce,delivered,15
296729,delivered,2
297d5e,delivered,8
299c89,shipped,1
299c89,delivered,1
29c322,delivered,2
29e6e0,delivered,4
29fe9f,delivered,5
2a1348,delivered,51
2a1348,shipped,2
2a1348,processing,1
2a1348,canceled,1
2a167c,delivered,3
2a261b,delivered,82
2a50b7,delivered,2
2a5b78,delivered,56
2a5b78,invoiced,4
2a61c2,delivered,22
2a61c2,canceled,1
2a6fbe,delivered,30
2a73cb,delivered,2
2a7c6c,delivered,3
2a7dc4,delivered,54
2a8485,delivered,159
2a8485,shipped,6
2a8485,canceled,3
2aa344,delivered,10
2aafae,delivered,2
2addf0,delivered,12
2b03ac,delivered,7
2b1a40,delivered,33
2b1a40,canceled,2
2b2fed,delivered,4
2b3b9c,delivered,6
2b3e4a,delivered,54
2b402d,delivered,1
2b5ed0,delivered,4
2ba91c,delivered,6
2bd05d,delivered,7
2bdb95,delivered,1
2be17d,delivered,16
2bf28e,delivered,8
2bf6a2,delivered,31
2c00c8,delivered,1
2c2c98,delivered,1
2c3d56,delivered,7
2c3d56,canceled,1
2c43fb,delivered,3
2c4c47,delivered,15
2c5387,delivered,1
2c5405,delivered,2
2c9005,delivered,1
2c9e54,delivered,171
2c9e54,shipped,3
2cb470,delivered,2
2cb6eb,delivered,7
2cb98e,delivered,1
2d20f1,delivered,1
2d22fc,delivered,3
2d2322,delivered,10
2d2c62,delivered,16
2d3463,delivered,1
2d378d,delivered,2
2d42eb,delivered,11
2d50d6,delivered,43
2d50d6,shipped,2
2d5186,delivered,13
2d8cfb,delivered,1
2d9e89,delivered,2
2dcf93,delivered,12
2dd1fb,delivered,4
2dd1fb,shipped,1
2dee2c,delivered,55
2e0dba,delivered,13
2e13c7,delivered,28
2e1a7d,delivered,22
2e1a7d,canceled,1
2e1c9f,delivered,167
2e1c9f,shipped,5
2e1c9f,canceled,1
2e2f44,delivered,1
2e3be8,delivered,15
2e3be8,canceled,3
2e3be8,processing,1
2e7ea2,delivered,7
2e90cb,delivered,137
2ea086,delivered,6
2eb702,delivered,197
2eb702,invoiced,14
2eb702,shipped,1
2ec6e3,delivered,2
2ee0a0,delivered,4
2eeb65,delivered,3
2ef086,delivered,1
2f09f7,delivered,8
2f09f7,invoiced,2
2f09f7,processing,1
2f09f7,canceled,1
2f1e7b,delivered,1
2f3d8b,delivered,1
2f4b0d,delivered,11
2f4b9d,delivered,6
2f73e0,delivered,3
2f74af,delivered,13
2f9b7c,delivered,2
2fa13c,delivered,4
2fb25a,delivered,5
2fdde5,delivered,9
2fdde5,canceled,1
2ff6b7,delivered,7
2ff972,delivered,94
2ff972,shipped,1
2ff972,canceled,1
307649,delivered,9
307809,delivered,61
307809,canceled,2
307809,shipped,1
30829d,delivered,31
3092c0,delivered,17
3092c0,invoiced,4
30a2f5,delivered,87
30a81d,delivered,20
30c7f2,delivered,6
30c7f2,processing,1
312ba1,delivered,7
312ba1,canceled,3
31344c,delivered,42
31344c,shipped,1
31561f,delivered,38
318f28,delivered,61
318f28,shipped,1
31ae07,delivered,11
31be79,delivered,6
31da95,delivered,30
31e60b,delivered,1
31eec4,delivered,5
323ce5,delivered,29
323ce5,invoiced,1
324583,delivered,3
325f31,delivered,46
327b89,delivered,3
3289d8,delivered,1
328acb,delivered,2
329666,delivered,1
32b876,delivered,38
32e563,delivered,1
32f1bb,delivered,5
32f1bb,shipped,1
32f83f,delivered,1
32fdd5,delivered,8
3338e7,processing,1
333c42,delivered,2
3340ef,delivered,42
334cab,delivered,26
33576e,delivered,32
336127,delivered,42
3364a9,delivered,6
33a17d,delivered,47
33a6f4,delivered,126
33ab10,delivered,4
33ac3e,delivered,35
33c519,delivered,20
33cbbe,delivered,16
33cbda,delivered,6
33d677,delivered,10
33dd94,delivered,5
33fd41,delivered,1
34056b,delivered,77
34056b,shipped,1
340636,delivered,3
340636,canceled,2
340636,shipped,1
343e71,delivered,24
344203,delivered,1
344223,delivered,1
3442f8,delivered,3
34675b,delivered,1
3481aa,delivered,25
3492e6,delivered,9
34a557,delivered,4
34aefe,processing,1
34d1ca,delivered,41
34f563,delivered,8
3504c0,delivered,53
35281d,delivered,1
353e21,delivered,4
358577,delivered,6
3586b8,delivered,43
35b965,delivered,2
35ef5a,delivered,5
35fb51,delivered,7
360677,processing,1
360677,delivered,1
365e44,delivered,5
365e4b,delivered,7
36890b,delivered,13
36a968,delivered,156
36a968,invoiced,3
36a968,shipped,1
36a968,processing,1
36a968,canceled,1
36f98a,delivered,2
373034,shipped,1
373034,delivered,1
373ee4,delivered,22
375156,delivered,239
375156,shipped,1
376a89,delivered,58
376d67,delivered,1
3771c8,delivered,30
377bc1,delivered,1
3785b6,delivered,24
37be5a,delivered,278
37be5a,shipped,3
37ceb4,canceled,3
37dd29,delivered,8
38102b,delivered,10
38102b,shipped,1
381c83,delivered,46
3820c6,canceled,1
382229,delivered,48
382229,shipped,1
385799,delivered,6
385799,canceled,1
38874e,delivered,6
389e45,delivered,1
38af8a,delivered,5
38e679,delivered,28
38e679,canceled,2
38e6da,delivered,12
38f276,delivered,1
3903c7,delivered,5
391bbd,processing,1
391bbd,delivered,1
391fc6,delivered,605
391fc6,shipped,8
392353,delivered,10
392e05,delivered,17
392e05,shipped,2
392e05,canceled,1
392f7f,delivered,2
3935fe,delivered,17
396892,delivered,10
396986,delivered,13
397c4d,delivered,5
3985a3,delivered,8
3986c0,delivered,1
398cb2,delivered,1
39a500,delivered,8
39c763,delivered,11
39d54f,delivered,24
39d54f,canceled,1
39d61b,delivered,14
39f776,delivered,4
3a1a1f,delivered,15
3a3c18,delivered,1
3a3e46,delivered,5
3a3e46,canceled,1
3a4127,delivered,5
3a4127,canceled,1
3a490b,delivered,8
3a52d6,delivered,1
3a734b,delivered,21
3a734b,invoiced,2
3a734b,processing,1
3a79f3,delivered,1
3aa3c8,delivered,1
3ab971,delivered,37
3ab971,shipped,1
3ac588,delivered,1
3ade81,delivered,30
3ade81,shipped,2
3afc53,delivered,6
3b1528,delivered,118
3b1528,shipped,3
3b18f9,delivered,1
3b872f,delivered,27
3bb32f,delivered,3
3bb548,delivered,53
3bdff1,delivered,58
3bdff1,shipped,3
3be584,delivered,4
3be634,delivered,95
3be634,shipped,4
3bfad0,invoiced,5
3bfba5,delivered,4
3c0102,delivered,15
3c03b1,delivered,43
3c3017,delivered,9
3c3017,shipped,1
3c487a,delivered,33
3c4e04,delivered,36
3c7c4a,delivered,158
3c7c4a,shipped,2
3c88ed,delivered,1
3ca08e,delivered,13
3ca08e,invoiced,1
3cfa13,delivered,5
3d01d1,delivered,4
3d01d1,unavailable,1
3d0cd2,delivered,11
3d2400,delivered,1
3d2531,delivered,10
3d290f,delivered,3
3d39fb,delivered,8
3d3ccf,delivered,3
3d4824,delivered,9
3d4824,shipped,1
3d49bf,delivered,3
3d4b1a,delivered,9
3d5d0d,delivered,22
3d5d0d,shipped,1
3d5d0d,canceled,1
3d6218,delivered,8
3d6218,processing,1
3d6218,invoiced,1
3d62f8,delivered,2
3d68c6,delivered,2
3d7007,delivered,3
3d871d,delivered,1131
3d871d,shipped,12
3d871d,canceled,4
3d8fa2,delivered,47
3d8fa2,shipped,1
3da383,delivered,1
3db66a,delivered,97
3dbbce,delivered,20
3dc69b,shipped,1
3dc69b,delivered,1
3ded4e,delivered,1
3df020,delivered,101
3dfd3d,delivered,6
3e35a8,delivered,2
3e46a3,delivered,1
3e51f9,delivered,1
3e8bd8,delivered,9
3e8bd8,shipped,1
3ea00e,delivered,7
3ea08c,delivered,1
3ef37b,delivered,2
3f0e48,delivered,10
3f2af2,delivered,7
3f3486,delivered,39
3f3486,shipped,1
3f8034,delivered,14
3f8034,shipped,2
3f8247,processing,1
3f84fe,delivered,3
3f995f,delivered,43
3f9be9,delivered,7
3f9c56,delivered,7
3fac58,delivered,16
3fadb4,delivered,5
3faf68,delivered,7
3fd1e7,delivered,36
3fd1e7,shipped,1
3fd1e7,canceled,1
3fe712,delivered,2
3febca,canceled,2
3fefda,delivered,1
400352,delivered,1
400f22,processing,1
402916,delivered,10
403aa8,delivered,11
404951,delivered,9
404e1b,delivered,12
40536e,processing,4
406740,delivered,10
406822,delivered,46
406822,shipped,1
4091f7,delivered,8
40d54b,delivered,31
40db9e,delivered,12
40ec8a,delivered,2
411f3b,delivered,30
4125d9,delivered,1
412a47,delivered,22
4170f6,delivered,5
417a1e,delivered,1
41958c,delivered,1
41ab63,delivered,13
41b147,delivered,10
41b39e,delivered,223
41b39e,shipped,4
41b39e,processing,2
41b39e,canceled,2
41b86b,delivered,11
41c2ba,delivered,23
41c9d3,delivered,3
41da41,delivered,21
41e0fa,delivered,5
4200dd,delivered,42
4221a7,delivered,5
422be4,delivered,1
427165,delivered,5
42b648,delivered,2
42b729,delivered,131
42b729,shipped,1
42bde9,delivered,39
42bde9,canceled,1
42d4b7,delivered,3
42ef31,delivered,23
42fa4e,delivered,22
42fb44,delivered,2
42fb44,invoiced,1
430315,delivered,20
430315,shipped,1
4305fe,delivered,19
4305fe,shipped,2
431050,delivered,10
431050,shipped,1
431050,invoiced,1
431af2,delivered,124
431af2,shipped,1
4324dd,delivered,18
432c37,delivered,55
432c37,shipped,1
432c37,canceled,1
432c67,processing,1
432c67,invoiced,1
432c67,delivered,1
43402b,delivered,5
4342d4,processing,18
4342d4,delivered,2
436bf2,delivered,1
4371b6,delivered,111
4371b6,canceled,1
43753b,delivered,1
4391ea,delivered,5
439a47,delivered,13
43a1d4,delivered,1
43a5d4,delivered,1
43b2c8,delivered,2
43f8c9,delivered,41
44073f,delivered,151
44073f,shipped,1
44073f,invoiced,1
440dd6,delivered,92
440dd6,shipped,2
440dd6,canceled,1
443d88,delivered,2
4450bd,delivered,1
446cc0,delivered,3
44717f,delivered,3
447d37,delivered,1
44ed13,delivered,3
44f091,delivered,3
44f091,canceled,2
44f091,invoiced,1
452138,delivered,14
455969,delivered,39
455969,shipped,3
455bef,delivered,1
455c56,delivered,8
455f46,invoiced,1
455f46,delivered,1
457fe9,delivered,12
458c6f,delivered,2
458d86,delivered,2
45a3d0,delivered,1
45ba18,delivered,38
45ba18,invoiced,2
45ba18,canceled,1
45c20d,delivered,4
45d33f,delivered,58
45d33f,canceled,2
45d33f,invoiced,1
461ff5,delivered,3
466222,delivered,1
4677a5,delivered,11
46dc3b,delivered,523
46dc3b,shipped,6
46dc3b,processing,5
46dc3b,invoiced,5
46dc3b,canceled,3
46ef1a,delivered,5
4736e9,delivered,20
47648c,delivered,3
478bfe,delivered,3
47efca,delivered,11
47efca,shipped,1
47f557,processing,1
47f557,delivered,1
48162d,delivered,89
48162d,shipped,1
48162d,canceled,1
4830e4,delivered,212
4830e4,shipped,3
4830e4,canceled,3
4830e4,invoiced,1
48328e,delivered,1
483ca6,delivered,1
48436d,delivered,147
48436d,invoiced,3
48436d,shipped,1
485452,delivered,3
486720,delivered,1
4869f7,delivered,1148
4869f7,shipped,7
4869f7,canceled,1
48985c,delivered,7
48b6c3,delivered,2
48bad4,delivered,3
48e5ee,delivered,3
48e954,delivered,6
48efc9,delivered,34
48fb02,delivered,9
48fb02,shipped,1
48fb02,processing,1
490674,delivered,37
4917ce,delivered,31
4917ce,canceled,2
491a5a,delivered,1
491a5a,canceled,1
49383a,delivered,12
4965a7,delivered,1
497709,delivered,2
4978a0,delivered,19
499185,delivered,1
4992e7,delivered,73
4992e7,shipped,1
499ec6,delivered,5
49cdc9,delivered,5
49e721,delivered,13
49e721,shipped,1
49f8d2,delivered,1
4a1917,delivered,3
4a1f69,delivered,23
4a23ad,delivered,3
4a3ca9,delivered,1949
4a3ca9,shipped,35
4a3ca9,canceled,2
4a3ca9,invoiced,1
4a3ccd,delivered,73
4a3ccd,canceled,4
4a3ccd,invoiced,1
4a5b36,delivered,1
4a8216,delivered,4
4a82c4,delivered,3
4aba39,delivered,28
4aba39,shipped,1
4aba39,canceled,1
4aba6a,delivered,1
4b0fdb,delivered,20
4b1eaa,delivered,5
4b1eaa,invoiced,2
4b1eaa,processing,1
4b3955,delivered,5
4b5f66,delivered,38
4b9049,delivered,1
4b9750,delivered,221
4b9750,shipped,1
4b98b0,delivered,2
4ba52d,delivered,11
4bc3d9,canceled,1
4bcec4,delivered,5
4bde61,delivered,2
4be2e7,processing,1
4be6b9,delivered,12
4be9ae,delivered,1
4bf2f4,delivered,30
4bf658,delivered,2
4bfc7a,delivered,40
4c03b9,delivered,48
4c1869,delivered,67
4c1c72,delivered,5
4c2b23,delivered,343
4c2b23,shipped,3
4c498c,delivered,47
4c498c,shipped,1
4c4d54,delivered,3
4c6087,delivered,2
4c61e3,delivered,8
4c8545,delivered,4
4c8b80,delivered,23
4c8b80,canceled,4
4cc43a,delivered,1
4cc4fd,delivered,2
4ce6e5,canceled,1
4ce8b5,delivered,2
4cf490,delivered,7
4cf490,shipped,1
4d0041,delivered,8
4d232b,delivered,5
4d600e,delivered,7
4d600e,invoiced,1
4d6d65,delivered,389
4d6d65,shipped,5
4d6d65,canceled,1
4d6fb8,canceled,2
4d8809,invoiced,1
4d9fea,delivered,2
4da0e4,delivered,54
4dab98,delivered,1
4dbd95,delivered,4
4dbd95,canceled,2
4dc2e8,delivered,1
4dc646,delivered,5
4ddeb3,delivered,1
4de6e4,delivered,14
4deebb,delivered,5
4e0606,delivered,46
4e0d10,delivered,2
4e17c6,delivered,74
4e2627,processing,4
4e2627,delivered,1
4e3260,delivered,6
4e4258,processing,2
4e4258,delivered,2
4e480b,delivered,2
4e5725,delivered,24
4e5725,invoiced,1
4e6015,delivered,3
4e7c18,delivered,88
4e7c18,shipped,1
4e85b5,delivered,4
4e8dac,delivered,9
4e8dac,canceled,5
4e8dac,processing,1
4e9229,delivered,446
4e9229,shipped,8
4e9234,delivered,1
4ea2f1,delivered,6
4eb61f,delivered,8
4ebdc7,delivered,32
4eeb99,delivered,2
4ef4c3,delivered,8
4ef4c3,shipped,1
4f0d63,delivered,2
4f1f1c,delivered,2
4f40d2,processing,1
4fae87,delivered,1
4fb41d,delivered,3
4fe2f6,delivered,2
5011f0,delivered,21
5011f0,canceled,1
503c1d,delivered,22
5058e8,delivered,77
5058e8,invoiced,1
5075aa,delivered,15
5075aa,shipped,7
5075aa,canceled,1
50770d,delivered,6
508808,delivered,10
508808,canceled,1
50a7e5,delivered,1
50bf89,delivered,1
50c361,canceled,1
50c997,delivered,68
51209b,delivered,4
512d29,delivered,12
513a54,delivered,2
514509,delivered,4
5151ae,delivered,7
515d78,delivered,6
5160d2,delivered,38
5160d2,canceled,1
516e77,delivered,82
516e77,shipped,2
51702d,delivered,14
5194c2,delivered,4
519a7a,delivered,3
51a04a,delivered,1
51e055,delivered,1
51e4e8,delivered,16
51ed72,delivered,7
51f108,delivered,3
5206cc,unavailable,1
52092d,delivered,6
520b49,delivered,73
522620,delivered,178
522620,shipped,2
523660,delivered,5
52454f,delivered,5
52562a,delivered,14
525e75,delivered,10
525e75,shipped,1
5275ca,delivered,4
527801,delivered,92
52831e,delivered,1
528bcf,delivered,2
528ce3,delivered,2
52956b,delivered,3
52a50b,delivered,4
52a52b,delivered,8
52ac6f,delivered,7
52b53f,delivered,1
52bb00,delivered,2
52d765,delivered,28
52f0fe,delivered,21
52f0fe,shipped,2
52f6f9,delivered,1
52f976,delivered,6
52f9db,delivered,22
52f9db,shipped,1
530569,delivered,1
53088c,delivered,3
530ec6,delivered,101
530ec6,processing,2
530ec6,shipped,1
532435,delivered,400
532435,invoiced,5
532435,shipped,4
532435,processing,1
53336f,delivered,1
533d46,delivered,2
5343d0,delivered,110
5343d0,canceled,1
534a01,delivered,5
535bf1,delivered,1
537eb8,delivered,171
537eb8,shipped,2
538caa,delivered,8
538caa,canceled,1
539ed9,delivered,2
53b030,delivered,10
53d00c,delivered,17
53e4c6,delivered,512
53e4c6,shipped,7
53e4c6,canceled,2
53e4c6,invoiced,1
54065e,delivered,12
54065e,processing,1
54065e,canceled,1
541533,delivered,1
542198,delivered,5
542917,delivered,20
5444b1,approved,1
544863,delivered,1
54583a,delivered,10
54965b,delivered,81
54965b,shipped,3
54965b,invoiced,2
54a185,delivered,202
54a185,shipped,2
54aa84,delivered,7
54c04b,delivered,19
550295,delivered,7
553a44,delivered,2
556373,delivered,3
556662,delivered,5
556a64,delivered,4
557f22,delivered,13
557f22,canceled,1
558713,delivered,2
559d56,delivered,2
55a5b5,delivered,41
55bb6f,delivered,16
55c26b,delivered,6
55c969,delivered,6
55c969,processing,4
55d3da,delivered,28
55dedd,delivered,9
55f7a3,delivered,22
562f8c,delivered,13
562fc2,delivered,265
562fc2,shipped,3
562fc2,canceled,2
565653,delivered,185
565653,shipped,2
565653,invoiced,1
5659d7,delivered,2
56642b,delivered,56
5670f4,delivered,22
56a8b4,processing,1
56db5c,delivered,2
56e361,delivered,10
56f413,delivered,3
570d45,delivered,2
572108,delivered,7
5733d8,delivered,2
5741dc,delivered,3
575df7,delivered,34
577719,delivered,8
578460,shipped,1
578fa3,delivered,3
5795ae,delivered,6
579891,delivered,8
57a834,delivered,1
57c764,delivered,29
57c764,processing,1
57d2ba,delivered,2
57df98,delivered,5
57e632,delivered,65
57fe62,delivered,8
582d4f,delivered,71
585175,delivered,1
586a87,delivered,2
588282,delivered,14
5882f4,processing,1
58b98c,canceled,1
58c851,delivered,2
58e4b3,processing,1
58e4b3,invoiced,1
58e4b3,delivered,1
58f1a6,delivered,45
59417c,delivered,18
594f9a,delivered,38
596246,delivered,6
596246,invoiced,3
596849,delivered,13
596849,shipped,1
5996cd,delivered,1
59b22a,delivered,133
59bbc8,delivered,2
59cd88,delivered,12
59cea8,delivered,10
59de1d,delivered,1
59fb87,delivered,125
59fb87,shipped,2
59fb87,invoiced,1
5a05a1,delivered,15
5a32c3,delivered,1
5a32c3,canceled,1
5a413a,delivered,14
5a4236,delivered,3
5a425c,delivered,14
5a425c,shipped,1
5a6a02,delivered,11
5a8e7d,delivered,179
5a8e7d,shipped,1
5a8e7d,canceled,1
5a93f3,delivered,43
5a93f3,shipped,1
5a9b3b,delivered,1
5a9c08,delivered,2
5aaa89,processing,1
5ab05b,delivered,12
5abb8e,delivered,13
5acd07,delivered,8
5b0754,delivered,14
5b0cc9,delivered,17
5b179e,delivered,36
5b2e94,delivered,10
5b33b5,delivered,17
5b3513,delivered,9
5b5103,delivered,14
5b5814,delivered,12
5b5814,canceled,1
5b6645,delivered,22
5b6788,delivered,30
5b8154,delivered,40
5b8154,canceled,1
5b8580,delivered,14
5b925e,delivered,63
5b92bf,delivered,1
5b97c0,delivered,3
5b97c0,shipped,1
5bba18,delivered,1
5bc237,delivered,2
5bc24d,delivered,17
5bc55d,delivered,21
5bf397,delivered,4
5bffba,delivered,23
5c0300,delivered,10
5c2436,delivered,100
5c3460,delivered,10
5c603f,processing,2
5c6d40,delivered,34
5c6d40,shipped,1
5c853b,delivered,24
5ca5d5,processing,1
5ca5d5,delivered,1
5cbbd5,delivered,38
5cf13a,delivered,155
5cf13a,shipped,1
5cf1ec,delivered,2
5cf1ec,processing,1
5d0363,delivered,94
5d0363,shipped,1
5d043c,delivered,1
5d378b,delivered,6
5d378b,shipped,1
5d3bb1,delivered,32
5d505d,delivered,2
5d76d8,delivered,6
5d9dc9,delivered,12
5d9f37,delivered,1
5db42a,delivered,1
5dc203,delivered,5
5dc4bd,canceled,1
5dceca,delivered,343
5dceca,shipped,2
5dceca,canceled,1
5de1c8,delivered,2
5debea,delivered,33
5def4c,delivered,6
5e063e,delivered,1
5e105f,delivered,8
5e106d,delivered,1
5e25c6,delivered,1
5e49e3,delivered,3
5e9f5b,delivered,2
5ee7fd,delivered,9
5eeb9c,delivered,9
5ef131,delivered,11
5f0057,delivered,4
5f0057,processing,1
5f0603,delivered,4
5f1dc2,delivered,78
5f2684,delivered,73
5f2684,canceled,1
5f26c1,delivered,10
5f3ae9,delivered,45
5f3ae9,shipped,1
5f57db,delivered,1
5f5a58,delivered,3
5f5b43,delivered,29
5f67c6,delivered,14
5f7300,delivered,11
5fd924,delivered,8
602044,delivered,55
602044,shipped,1
602044,processing,1
6025c7,delivered,4
6039e2,delivered,74
6039e2,shipped,1
60562a,delivered,17
606115,delivered,33
606ce7,delivered,5
609e1a,delivered,130
60ad15,processing,1
60ad15,canceled,1
60da8b,delivered,3
610f72,delivered,17
612170,delivered,110
612a74,delivered,3
615005,delivered,11
615c34,delivered,2
6179a2,processing,1
6179a2,delivered,1
6187a1,delivered,2
61b187,delivered,5
61b893,canceled,1
61c36f,delivered,1
61f159,processing,2
61f159,unavailable,1
620c87,delivered,778
620c87,shipped,9
620c87,canceled,7
620c87,unavailable,2
620c87,processing,1
620c87,invoiced,1
6219ba,delivered,5
6219ba,processing,1
623590,delivered,1
623ad9,delivered,1
624f4e,delivered,54
624f4e,shipped,1
626ab1,delivered,3
62760d,delivered,3
6288c6,delivered,20
6288c6,processing,1
6288c6,invoiced,1
62c50c,delivered,17
62c50c,processing,1
62c50c,invoiced,1
62d977,processing,2
62de60,delivered,1
630008,canceled,2
630008,delivered,1
63191e,delivered,1
632723,delivered,2
6338ea,delivered,44
633ecd,delivered,6
634964,delivered,323
634964,shipped,2
634964,canceled,1
637040,delivered,1
638cba,delivered,22
638cba,invoiced,4
63a79f,delivered,11
63b464,delivered,38
63b464,processing,1
63b9ae,delivered,7
63bc58,invoiced,1
63ffcb,delivered,17
640e21,delivered,136
640e21,shipped,1
6426d2,delivered,23
643214,delivered,66
643214,processing,2
643c01,delivered,2
6481e9,delivered,43
64b879,invoiced,7
64c9a1,delivered,1
64cc80,delivered,2
651530,delivered,1
651fe6,delivered,7
6524b8,delivered,2
6548c2,delivered,5
655220,delivered,15
656021,delivered,1996
656021,shipped,26
656021,canceled,8
656021,invoiced,3
6561d6,delivered,1
6562ef,delivered,20
6562ef,shipped,1
656591,delivered,11
6576fd,processing,1
657969,delivered,3
659e84,delivered,14
65a7c0,delivered,9
65b081,delivered,20
65c255,delivered,2
65febd,delivered,38
65febd,shipped,2
6601ee,delivered,2
661481,delivered,1
661ad5,delivered,7
6624bc,delivered,1
6650fc,delivered,2
6650fc,invoiced,1
666658,canceled,2
668bf3,delivered,1
669229,delivered,155
669229,shipped,1
669ae8,delivered,185
669ae8,canceled,1
66d5ae,canceled,3
66dc1b,delivered,41
66dc1b,shipped,1
66e055,delivered,30
66e055,canceled,1
66fd84,delivered,21
670a9d,delivered,11
670c26,delivered,86
670c26,shipped,1
671585,delivered,27
67225b,delivered,8
674207,delivered,1
6750d7,delivered,6
67883b,delivered,19
679769,delivered,21
67bf69,delivered,20
67bf69,invoiced,2
67e43d,processing,2
67e43d,canceled,1
6806da,delivered,14
681fce,delivered,24
6824a6,delivered,7
685b87,delivered,2
686015,delivered,84
6861de,delivered,8
686886,delivered,1
6879c4,delivered,6
688756,delivered,99
688756,shipped,1
688756,invoiced,1
68ca56,delivered,5
68ca56,shipped,1
68f86b,delivered,11
68f86b,shipped,1
690215,delivered,2
693660,delivered,2
695051,delivered,1
6973a0,delivered,108
6973a0,canceled,4
6973a0,shipped,3
698624,delivered,1
698957,delivered,7
698f5f,delivered,6
69a438,delivered,3
69b5ea,delivered,2
6a0cbc,delivered,34
6a0cbc,shipped,1
6a3139,delivered,1
6a3808,delivered,22
6a51fc,delivered,31
6a51fc,shipped,1
6a51fc,canceled,1
6a53b9,delivered,4
6a8a88,delivered,30
6a8b08,delivered,133
6a8b08,shipped,2
6aa392,delivered,22
6b1592,delivered,21
6b1c4d,delivered,1
6b243f,delivered,89
6b2612,delivered,1
6b333a,delivered,13
6b3bd3,delivered,42
6b3bd3,shipped,1
6b536a,delivered,22
6b536a,shipped,1
6b8031,delivered,12
6b89ab,delivered,8
6b90f8,delivered,47
6b9b80,delivered,9
6b9b80,shipped,1
6ba473,delivered,3
6bb072,delivered,18
6bb62a,delivered,6
6bb66d,delivered,3
6bbcb8,delivered,11
6bcb23,processing,1
6bcb23,delivered,1
6bd503,delivered,5
6bd691,delivered,5
6bef34,delivered,2
6c12e4,delivered,18
6c177e,delivered,54
6c177e,shipped,2
6c17ba,delivered,5
6c1b6d,delivered,4
6c1b6d,canceled,1
6c6cc5,delivered,1
6c6e3d,delivered,6
6c77cd,delivered,1
6c7d50,delivered,126
6c7d50,shipped,1
6c7d50,canceled,1
6c9875,delivered,4
6c99c9,delivered,9
6cd68b,delivered,157
6cf476,delivered,6
6cf476,canceled,1
6d0412,delivered,1
6d1b9c,delivered,4
6d22a1,delivered,13
6d2f2e,delivered,6
6d6661,delivered,174
6d6661,shipped,1
6d6661,invoiced,1
6d7f8d,delivered,3
6d803c,delivered,66
6d988d,delivered,23
6da199,delivered,9
6dc9be,processing,1
6dc9be,delivered,1
6dd7dc,delivered,1
6ddc28,delivered,11
6df688,delivered,55
6df688,shipped,1
6e0908,delivered,11
6e13dd,delivered,6
6e1862,delivered,12
6e1862,shipped,2
6e2d3e,canceled,1
6e386f,delivered,29
6e386f,shipped,1
6e4a90,delivered,8
6e4f5f,delivered,5
6e85dc,canceled,1
6e864f,delivered,13
6eb94e,delivered,9
6eb94e,shipped,1
6ebf4e,delivered,1
6ec1a0,delivered,31
6ec1a0,shipped,1
6edacf,delivered,216
6edacf,shipped,2
6edacf,canceled,1
6ee85b,delivered,5
6ee85b,canceled,5
6ee85b,processing,2
6ee85b,invoiced,1
6eeed1,delivered,3
6f1a12,delivered,5
6f1a12,processing,2
6f229c,delivered,14
6f835f,delivered,2
6f83d9,delivered,11
6f892e,delivered,50
6f892e,processing,3
6fa920,delivered,3
6fc26f,delivered,72
6fd52c,delivered,84
700861,delivered,152
700861,shipped,4
700f03,delivered,4
70125a,delivered,8
70126e,delivered,3
701938,delivered,111
701938,shipped,1
702835,delivered,1
7040e8,delivered,223
7040e8,canceled,4
7040e8,shipped,1
70849c,delivered,12
709e16,delivered,80
70a12e,delivered,323
70a12e,invoiced,3
70a12e,shipped,2
70b52a,delivered,10
70bf57,delivered,7
70c0fd,delivered,1
70c278,delivered,98
70c4ee,processing,1
70c4ee,delivered,1
70ee69,delivered,1
70eea0,delivered,112
70eea0,shipped,2
70f7e8,delivered,2
70f846,delivered,5
71039d,delivered,38
710e35,delivered,137
710e35,invoiced,3
710e35,shipped,1
710e35,processing,1
712719,delivered,6
712719,processing,1
712719,canceled,1
712e6e,delivered,85
712e6e,shipped,2
712efd,delivered,1
7139dc,delivered,24
713e3a,delivered,4
714254,delivered,328
714254,shipped,3
714b9a,delivered,6
715926,delivered,7
71593c,delivered,5
715bbd,delivered,64
7178e1,delivered,1
7178f9,delivered,215
7178f9,invoiced,1
717b78,delivered,5
718539,delivered,43
718539,canceled,2
71dc18,delivered,9
7202e2,delivered,53
7202e2,shipped,2
720e6c,delivered,1
7210cd,delivered,13
72146d,delivered,6
7238a9,delivered,15
7238f8,delivered,3
723a46,delivered,1
723cd8,delivered,12
72431a,delivered,1
725af0,delivered,5
725af0,canceled,3
725c32,delivered,93
7299e2,delivered,358
7299e2,shipped,2
7299e2,canceled,1
729b2d,delivered,60
729b2d,shipped,1
729f06,delivered,113
729f06,shipped,2
72bc2c,delivered,18
72c38a,delivered,5
72c5da,delivered,31
72c73b,delivered,1
730937,delivered,26
7315ba,delivered,2
731ef2,delivered,3
734def,delivered,2
735422,delivered,7
7357b5,delivered,12
739c7d,delivered,2
73a63f,delivered,35
73a63f,canceled,5
73a63f,shipped,1
73b8eb,delivered,7
73b8eb,canceled,1
73da18,delivered,2
740205,delivered,1
7402d1,delivered,3
7402d1,processing,1
741f8c,delivered,5
744dac,delivered,83
744dac,shipped,1
74636e,delivered,4
747c1c,delivered,2
747e73,delivered,3
74871d,delivered,7
7494d0,delivered,1
749e7c,delivered,1
74a9b9,delivered,2
74bafe,delivered,3
74c7de,delivered,4
74c7de,invoiced,1
750303,delivered,56
750303,shipped,1
751bdc,delivered,68
751bdc,canceled,2
751bdc,invoiced,1
751e27,delivered,2
75745e,delivered,3
758691,delivered,18
75a476,delivered,9
75d34e,delivered,67
75d34e,processing,3
75d34e,invoiced,1
75d34e,canceled,1
75fbb5,delivered,41
75fbb5,shipped,1
75fbb5,canceled,1
75fdd0,delivered,1
761681,delivered,3
762ed9,delivered,4
762faf,delivered,5
76623f,delivered,3
7681ef,delivered,76
7681ef,shipped,1
768332,delivered,2
768a86,delivered,17
768de2,delivered,13
768de2,shipped,1
76c47a,delivered,10
76d336,delivered,1
76d336,canceled,1
76d5af,delivered,155
76d5af,shipped,4
76d64c,delivered,69
76de36,delivered,2
76ea53,delivered,15
77128d,delivered,1
7722b1,delivered,144
7722b1,shipped,1
77530e,delivered,381
77530e,shipped,7
77530e,canceled,1
777145,delivered,6
777a0c,delivered,6
778323,delivered,3
77a515,delivered,26
77dcbb,processing,2
77e4ab,delivered,18
77fcca,delivered,12
7813ea,delivered,9
7816cd,delivered,1
781a66,delivered,1
782f78,delivered,2
782f78,canceled,1
784ba7,delivered,22
784ba7,processing,1
784ba7,canceled,1
78744a,delivered,6
788136,delivered,1
788e85,delivered,11
788f22,delivered,2
78a4d3,delivered,7
78ba59,delivered,2
78c99c,delivered,39
78ef7e,delivered,3
790164,delivered,27
791cfc,invoiced,1
791cfc,delivered,1
79565f,delivered,7
79565f,shipped,1
7957ca,delivered,1
7963e5,delivered,1
799408,canceled,5
799408,delivered,1
7994b0,delivered,7
79a679,delivered,7
79b93a,delivered,1
79ebd9,delivered,140
79ebd9,shipped,3
79ed75,delivered,25
79ee72,processing,2
7a073a,processing,1
7a1888,processing,3
7a2419,delivered,66
7a2419,invoiced,3
7a2419,shipped,2
7a2419,canceled,1
7a2d29,delivered,12
7a425d,delivered,18
7a67c8,delivered,1155
7a67c8,shipped,15
7a67c8,canceled,1
7a704e,delivered,1
7a91bf,delivered,4
7a91bf,processing,1
7a9c12,delivered,5
7aa433,delivered,237
7aa433,shipped,3
7aa538,delivered,5
7ab0dd,delivered,1
7ad328,delivered,180
7ad328,shipped,4
7ad413,delivered,2
7adbd3,delivered,3
7ade73,delivered,27
7ade73,shipped,1
7b07b3,delivered,96
7b07b3,shipped,1
7b07b3,canceled,1
7b0df9,delivered,32
7b1222,delivered,22
7b3447,delivered,1
7b3f6c,delivered,1
7b7ed5,delivered,5
7b7f91,delivered,14
7b8e8e,delivered,5
7b98de,delivered,8
7bac63,delivered,19
7bb8fa,delivered,1
7bcd7c,delivered,8
7bcd7c,canceled,2
7bcd7c,shipped,1
7c1fea,delivered,14
7c4402,delivered,1
7c4618,delivered,13
7c4621,delivered,2
7c4adc,delivered,2
7c51de,delivered,4
7c5b05,delivered,23
7c5b05,invoiced,1
7c67e1,delivered,1355
7c67e1,shipped,7
7c67e1,invoiced,2
7c9130,delivered,4
7caa63,delivered,1
7caa63,canceled,1
7cb946,delivered,1
7cf4ea,delivered,1
7d13fc,delivered,571
7d13fc,shipped,7
7d294c,delivered,5
7d456a,delivered,89
7d456a,shipped,2
7d484c,delivered,2
7d76b6,delivered,183
7d76b6,shipped,4
7d7866,delivered,5
7d7d2b,delivered,7
7d81e7,delivered,1
7d9485,delivered,4
7daca0,delivered,7
7dc8c4,delivered,50
7dc9a3,delivered,1
7ddcbb,delivered,334
7ddcbb,shipped,6
7ddcbb,canceled,2
7ddcbb,invoiced,1
7dea6f,delivered,2
7df1fc,delivered,5
7e1fb0,delivered,169
7e1fb0,shipped,3
7e1fb0,canceled,2
7e26c7,delivered,27
7e3dde,processing,1
7e3f87,delivered,93
7e3f87,shipped,1
7e79d6,delivered,4
7e93a4,delivered,322
7e93a4,processing,8
7e93a4,shipped,5
7e93a4,canceled,4
7e93a4,invoiced,1
7e9592,processing,2
7ea5bf,delivered,102
7ea5bf,shipped,2
7ecd59,delivered,29
7ecef8,delivered,8
7f0265,processing,1
7f0265,delivered,1
7f1523,delivered,20
7f2617,delivered,23
7f35f9,delivered,5
7f40d0,delivered,6
7f5e4d,delivered,9
7f7b82,delivered,43
7fc87c,delivered,14
7fdb07,delivered,10
7fe21d,processing,2
7fe21d,delivered,2
7ff588,delivered,16
800214,delivered,3
800214,invoiced,1
80146b,shipped,2
804287,delivered,1
8060d7,delivered,5
808d43,delivered,20
808d43,invoiced,1
809049,delivered,26
809413,delivered,5
80ceeb,delivered,1
80cfd4,delivered,1
80e669,delivered,98
80e669,shipped,2
80f2cf,delivered,6
80f2cf,canceled,1
8132b9,canceled,2
8132b9,delivered,1
813348,delivered,195
813348,shipped,6
813348,invoiced,1
81336a,delivered,18
81336a,shipped,1
816025,delivered,424
816025,shipped,7
817245,delivered,44
817245,invoiced,1
817831,delivered,9
817831,canceled,6
817f85,delivered,11
818569,delivered,8
818d28,delivered,4
818d28,canceled,1
81a110,delivered,72
81a110,shipped,1
81ed90,delivered,2
81f89e,delivered,52
820c7c,delivered,1
820cc7,delivered,15
821fb0,delivered,25
821fb0,shipped,2
821fb0,invoiced,1
821fb0,canceled,1
822166,delivered,108
822b63,delivered,7
822b63,invoiced,2
822bad,delivered,18
827f8f,delivered,104
829219,delivered,1
82bd07,delivered,23
82bd07,canceled,1
82cb9f,delivered,18
82e0a4,delivered,79
82e0a4,canceled,1
830379,delivered,4
83353a,delivered,5
834f32,delivered,66
834f85,delivered,45
834f85,invoiced,2
835f0f,delivered,48
835f0f,processing,1
835f0f,canceled,1
83645b,delivered,14
8378eb,delivered,13
83a75e,delivered,3
83b08d,delivered,7
83c465,delivered,3
83c8aa,delivered,2
83d458,shipped,1
83d707,processing,1
83d707,canceled,1
83deb6,delivered,42
83e197,delivered,54
83e197,invoiced,1
83f2b4,delivered,3
8444e5,delivered,102
8444e5,canceled,4
8444e5,processing,2
8444e5,shipped,1
845e80,delivered,24
847624,delivered,12
84c945,delivered,2
84deb8,delivered,2
8501d8,canceled,1
850448,delivered,4
850857,delivered,1
850913,delivered,30
850913,shipped,3
850913,canceled,1
850f4f,delivered,191
850f4f,shipped,1
851773,delivered,10
855668,delivered,311
855668,shipped,8
855668,canceled,6
855668,processing,1
855668,invoiced,1
858105,delivered,427
858105,shipped,5
858105,canceled,3
85cc55,delivered,9
85d9eb,delivered,512
85d9eb,shipped,7
85d9eb,invoiced,2
85d9eb,canceled,1
85e7c6,delivered,2
85ecf0,delivered,2
8602a6,delivered,19
8603f0,delivered,10
8629a7,delivered,1
8629c2,delivered,13
863d2e,delivered,18
863d2e,shipped,1
8648b1,delivered,100
8648b1,shipped,3
86649b,canceled,1
866558,delivered,6
86bb7c,delivered,16
86bf77,delivered,5
86ccac,delivered,208
86ccac,shipped,1
86ccac,canceled,1
86ff3e,delivered,7
870d01,delivered,61
871421,delivered,339
8759e7,delivered,3
876182,delivered,3
87b442,delivered,1
87b740,delivered,11
87b740,processing,1
87b740,canceled,1
87d30a,delivered,17
87d3c3,delivered,15
87d736,delivered,1
87e24f,delivered,7
87e24f,canceled,1
87f3e3,processing,1
87f3e3,delivered,1
87f3e3,canceled,1
880ce4,delivered,1
880eda,canceled,1
883dd8,delivered,5
88460e,delivered,300
88460e,invoiced,1
88460e,canceled,1
888faa,delivered,23
889009,delivered,1
88ae90,delivered,3
88af55,processing,1
88cd36,delivered,1
88cf19,delivered,14
88ef59,delivered,2
891071,delivered,90
891071,invoiced,4
891071,shipped,3
891071,canceled,1
8931a8,delivered,32
8936ba,delivered,1
897060,delivered,413
897060,invoiced,10
897060,shipped,5
897060,canceled,2
897572,delivered,2
89a51f,delivered,11
89ad32,delivered,6
89bc79,delivered,19
89bc79,shipped,1
89c127,delivered,6
89c127,processing,1
89d9a3,delivered,5
89dda6,processing,1
89dda6,delivered,1
89de2d,delivered,8
89f692,delivered,12
8a1307,delivered,62
8a1ff5,delivered,2
8a207b,delivered,3
8a2d12,delivered,18
8a32e3,delivered,169
8a32e3,canceled,7
8a32e3,shipped,2
8a32e3,processing,2
8a40ae,delivered,6
8a4312,delivered,4
8a432f,delivered,106
8a8761,delivered,6
8a8761,invoiced,5
8a8761,processing,3
8a8835,delivered,3
8a9260,delivered,9
8ab42a,delivered,26
8ae520,delivered,65
8b1111,delivered,1
8b181e,delivered,1
8b2492,delivered,45
8b28d0,delivered,151
8b28d0,shipped,3
8b28d0,canceled,1
8b2d4a,delivered,9
8b321b,delivered,1005
8b321b,shipped,12
8b321b,invoiced,1
8b655f,delivered,5
8b87cd,invoiced,3
8b87cd,delivered,2
8b8cfc,delivered,15
8b9d6e,delivered,52
8b9d6e,shipped,1
8bb48d,delivered,95
8bd0e3,delivered,12
8bd0e3,processing,1
8bd0f3,delivered,35
8bdd8e,delivered,10
8bdd8e,canceled,1
8c0de7,delivered,8
8c0de7,shipped,1
8c16d1,delivered,118
8c351e,delivered,2
8c3b53,delivered,5
8c3b53,processing,3
8c5e00,delivered,24
8c91bf,delivered,2
8c9348,delivered,2
8ca155,delivered,12
8ca5b1,delivered,4
8cb7c5,processing,1
8cb7c5,delivered,1
8cbac7,delivered,81
8cbac7,shipped,1
8cc6a0,delivered,24
8cc6a0,approved,2
8ccf3c,delivered,2
8cf214,processing,1
8cf214,delivered,1
8d4655,delivered,11
8d4655,processing,4
8d4655,invoiced,1
8d79c8,delivered,27
8d79c8,shipped,1
8d899e,delivered,10
8d92f3,delivered,8
8d956f,delivered,227
8d956f,canceled,1
8daab2,delivered,16
8dd386,delivered,2
8de8fe,delivered,1
8def3d,delivered,2
8dfbc5,delivered,4
8e29d0,delivered,2
8e2b3a,delivered,11
8e3433,delivered,5
8e4f04,delivered,2
8e6704,delivered,1
8e6cc7,delivered,108
8e6cc7,shipped,4
8e6cc7,canceled,2
8e6d77,delivered,129
8e6d77,shipped,1
8e8a7c,delivered,64
8e8a7c,shipped,2
8ea394,delivered,2
8eb88b,delivered,2
8ec76b,delivered,1
8ed8ea,delivered,19
8f0fbe,delivered,2
8f119a,delivered,81
8f119a,shipped,1
8f119a,canceled,1
8f2b51,delivered,8
8f2ce0,delivered,172
8f2ce0,shipped,3
8f54d6,delivered,16
8f580d,delivered,8
8f78f0,delivered,21
8fb67a,delivered,1
8fb791,delivered,5
8fbd63,delivered,8
8fbe2e,delivered,3
8fd3b4,delivered,1
8fdca8,delivered,29
8fe878,delivered,5
8fec2e,delivered,5
8ff1a9,delivered,14
8ff38b,delivered,8
8fff28,delivered,4
8fff28,processing,1
8fff28,canceled,1
900ba8,delivered,86
900ba8,shipped,2
901b46,delivered,5
902c99,delivered,3
902c99,shipped,1
903037,delivered,59
903037,shipped,1
90b36c,delivered,4
90b36c,invoiced,3
90b570,delivered,2
90d412,canceled,5
910a92,delivered,2
913fd0,delivered,1
9140bd,delivered,8
9140ef,delivered,1
91543f,delivered,6
916748,delivered,32
916c9d,delivered,27
916c9d,canceled,1
918717,delivered,4
918f6f,delivered,3
919878,delivered,9
919878,invoiced,1
91f0ee,delivered,11
91f577,delivered,6
91f848,delivered,70
91f848,shipped,3
9200e6,delivered,1
921323,delivered,17
9261d7,delivered,7
92992b,canceled,1
929f34,delivered,4
92c8bc,delivered,2
92c8bc,canceled,1
92d14e,delivered,13
92eb0f,delivered,358
92eb0f,shipped,6
92eb0f,invoiced,1
9315e4,delivered,1
933446,processing,2
933446,delivered,1
934ed5,delivered,1
939e62,delivered,4
939f6e,delivered,4
93b9a9,delivered,20
93b9a9,shipped,1
93bef6,delivered,1
93dc87,delivered,34
93dc87,shipped,2
941445,delivered,76
941554,delivered,4
94165a,delivered,1
942313,delivered,3
9449f2,delivered,9
9449f2,shipped,1
9485a2,delivered,4
9485a2,processing,1
94b910,delivered,8
94c49f,delivered,3
94ca16,delivered,5
94d76e,delivered,1
94e93c,delivered,34
94e93c,shipped,1
951e8c,delivered,69
951e8c,shipped,2
9523fb,delivered,1
9535a8,delivered,2
953921,delivered,9
954e95,delivered,4
9558aa,processing,1
9558aa,delivered,1
955fee,delivered,1472
955fee,shipped,24
955fee,invoiced,2
955fee,canceled,1
9591fc,processing,1
9596c8,delivered,23
9596c8,shipped,1
959951,delivered,3
95b293,delivered,9
95cca7,delivered,1
95e03c,delivered,190
95e03c,shipped,3
95ec44,delivered,31
95f83f,delivered,65
95f83f,shipped,1
95f83f,canceled,1
960945,delivered,29
961635,delivered,97
961635,shipped,1
961dff,delivered,3
961dff,canceled,1
9646c3,delivered,76
9646c3,canceled,2
96493f,delivered,64
964ff6,delivered,1
966cb4,delivered,67
966cb4,shipped,8
967475,delivered,95
967475,canceled,2
96804e,delivered,39
96804e,shipped,1
968268,delivered,12
968ee7,delivered,2
96e5dc,delivered,2
96f7c7,delivered,3
972d0f,delivered,86
972d0f,shipped,2
973f21,delivered,19
973f21,canceled,2
974cf2,delivered,30
974cf2,shipped,3
97512d,delivered,13
977f9f,delivered,24
977f9f,shipped,1
979e9f,delivered,4
97e4a6,delivered,5
97e50a,delivered,1
97e995,delivered,5
9803a4,delivered,18
980640,delivered,14
981150,delivered,4
984c27,delivered,1
9853a2,delivered,4
9853a2,shipped,1
985c92,delivered,12
989bec,delivered,15
989bec,invoiced,3
98dac6,delivered,190
98dac6,processing,4
98dac6,invoiced,1
98dddb,delivered,2
98e164,delivered,2
98f52e,delivered,1
990022,delivered,36
9906e7,delivered,16
994f04,delivered,55
994f04,canceled,2
9996ae,delivered,3
999f6d,delivered,2
99a25c,delivered,6
99a547,delivered,66
99a547,shipped,1
99cd94,delivered,2
99eaac,delivered,67
99eaac,shipped,1
99eaac,processing,1
99eaac,canceled,1
9a03a4,delivered,7
9a1aea,delivered,8
9a208d,processing,1
9a84ba,delivered,15
9a84ba,canceled,1
9aa388,delivered,7
9ac4f1,delivered,5
9ac755,delivered,1
9add47,delivered,43
9add47,shipped,1
9add47,canceled,1
9b00ca,delivered,1
9b00ed,delivered,50
9b00ed,canceled,1
9b013e,delivered,220
9b013e,invoiced,3
9b013e,shipped,2
9b1050,processing,1
9b1050,canceled,1
9b1585,delivered,3
9b1ab0,delivered,2
9b1f65,delivered,2
9b522b,delivered,5
9b522b,processing,1
9b76ad,delivered,3
9bade6,delivered,3
9baf5c,delivered,32
9baf5c,processing,1
9bc484,delivered,8
9bc484,shipped,1
9bcdfa,delivered,20
9bf11d,delivered,1
9c068d,delivered,17
9c0e69,delivered,200
9c0e69,shipped,4
9c0e69,invoiced,1
9c0e69,canceled,1
9c1c0c,delivered,7
9c3514,processing,1
9c3a1c,delivered,1
9c3c24,delivered,6
9c4d31,delivered,2
9c5460,delivered,3
9c57bc,delivered,1
9c690c,delivered,12
9c7fd2,delivered,8
9cad4b,delivered,7
9cea46,delivered,9
9cf787,delivered,4
9d213f,delivered,3
9d3940,delivered,10
9d4898,delivered,6
9d4db0,delivered,99
9d4db0,shipped,1
9d5604,delivered,17
9d5a90,delivered,78
9d5a90,shipped,1
9d681c,delivered,14
9d69ba,delivered,1
9d7a1d,delivered,16
9da15f,delivered,1
9da1ca,delivered,6
9dc79d,delivered,4
9dd459,delivered,2
9dd59e,delivered,10
9dda5b,delivered,22
9de464,delivered,81
9df575,delivered,11
9e17b9,processing,3
9e2519,delivered,1
9e6229,delivered,77
9e6229,shipped,1
9e6967,delivered,11
9e7c5f,delivered,2
9e94fa,delivered,1
9e9b53,delivered,3
9ed653,delivered,6
9ef932,delivered,1
9f5021,delivered,19
9f5056,delivered,426
9f5056,shipped,4
9f56a7,processing,1
9f56a7,canceled,1
9fbd56,delivered,1
9fc702,delivered,7
9fe7c6,delivered,1
a00824,delivered,3
a0415d,delivered,9
a0415d,processing,1
a066df,delivered,17
a06c8f,delivered,8
a080fc,delivered,4
a08692,delivered,17
a09a13,delivered,1
a0a14e,delivered,4
a0d7fb,delivered,4
a0e195,processing,6
a0e195,shipped,1
a1040e,delivered,1
a1043b,delivered,752
a1043b,shipped,15
a1043b,canceled,3
a11a0e,delivered,2
a13580,delivered,10
a13aaf,delivered,4
a1474f,delivered,14
a150c5,delivered,1
a1544b,delivered,8
a154d7,delivered,2
a17f62,delivered,78
a17f62,canceled,2
a1bea7,delivered,9
a1bea9,delivered,1
a1ed30,canceled,2
a20d80,delivered,2
a213f1,delivered,1
a218df,delivered,4
a21c11,delivered,4
a23266,delivered,16
a24719,processing,2
a254c6,delivered,7
a2a41a,delivered,2
a2b5b6,delivered,16
a2b911,delivered,1
a2deec,delivered,13
a2deec,canceled,2
a2deec,shipped,1
a2e857,processing,3
a2e874,delivered,42
a2e874,processing,3
a2e874,canceled,1
a2fa0b,delivered,11
a2fa0b,processing,2
a3082f,delivered,4
a35124,delivered,7
a353b1,delivered,1
a35ef4,delivered,3
a369d6,delivered,18
a36ac0,delivered,8
a36ac0,canceled,1
a36b12,delivered,25
a36b12,shipped,1
a37c34,delivered,5
a3a38f,delivered,260
a3a38f,shipped,3
a3b0df,delivered,2
a3b42d,delivered,6
a3dd39,delivered,37
a3e9a2,delivered,143
a3e9a2,shipped,1
a3f0b5,delivered,26
a3fa18,delivered,2
a41455,delivered,8
a416b6,delivered,176
a416b6,canceled,5
a420f6,delivered,69
a425f9,delivered,18
a425f9,canceled,1
a435b0,delivered,3
a44fb5,delivered,19
a45314,delivered,2
a45765,delivered,1
a478c7,delivered,9
a49928,delivered,104
a49928,shipped,2
a4b6b9,delivered,8
a4b6b9,canceled,6
a4b8d9,delivered,1
a4bd6e,delivered,5
a4e634,canceled,2
a4fc6e,delivered,1
a51315,delivered,2
a5259c,delivered,8
a53f60,delivered,6
a56a80,delivered,1
a56e35,delivered,4
a5a1bf,delivered,24
a5bff0,delivered,5
a5cba2,delivered,54
a5cba2,shipped,1
a5dd19,delivered,7
a5ff20,delivered,4
a61cc0,delivered,1
a63bfb,delivered,6
a63bfb,invoiced,1
a64e44,delivered,6
a663d9,delivered,1
a67382,delivered,141
a67382,invoiced,3
a67382,canceled,2
a67780,delivered,6
a69aa2,delivered,3
a6bd7d,delivered,15
a6bd7d,shipped,1
a6fe7d,delivered,51
a6fe7d,shipped,1
a70e90,delivered,4
a72c2f,delivered,6
a72f15,delivered,1
a7a9b8,delivered,4
a7b735,delivered,2
a7c53f,delivered,1
a7c882,delivered,5
a7d0f8,delivered,2
a7dc40,delivered,3
a7ecf6,delivered,1
a7f138,delivered,84
a7f138,shipped,2
a806a4,delivered,6
a81466,delivered,2
a8739a,delivered,15
a888fa,delivered,54
a888fa,invoiced,1
a89e14,processing,1
a89e14,delivered,1
a90a5d,delivered,3
a93832,delivered,25
a9415c,delivered,2
a99504,delivered,1
a9ae44,delivered,1
a9b533,delivered,4
aa17b3,delivered,2
aa1eb1,delivered,4
aa2640,delivered,2
aa7626,delivered,3
aa8af6,delivered,1
aac29b,delivered,131
aac29b,shipped,5
aac29b,invoiced,2
aac51c,delivered,13
aadfe0,delivered,1
aae3bf,delivered,50
aae595,delivered,2
aae5e7,delivered,7
aaed13,delivered,111
aaed13,shipped,1
aafe36,delivered,131
ab27bb,delivered,11
ab3e0c,delivered,7
ab3e0c,canceled,3
ab75b8,processing,1
ab75b8,delivered,1
ab9157,delivered,4
ab9db4,delivered,4
ab9db4,canceled,1
aba172,delivered,92
abbf60,delivered,6
abbf60,shipped,1
abc015,delivered,13
abcd2c,delivered,51
abcd2c,shipped,1
abe021,delivered,2
abe42c,delivered,49
abe42c,processing,1
ac137b,processing,1
ac1ed5,processing,1
ac3508,delivered,101
ac3508,shipped,3
ac51ca,delivered,3
ac51ca,canceled,1
ac6417,delivered,7
ac6417,canceled,1
ac9b01,delivered,1
acadd4,delivered,12
acb6c2,delivered,11
acce39,delivered,44
ace601,processing,1
aced59,delivered,67
acf974,delivered,12
ad1461,delivered,1
ad273c,delivered,11
ad420d,delivered,46
ad738d,processing,1
ad7551,delivered,9
ad7815,delivered,38
ad7815,processing,4
ad7815,shipped,1
ad7815,canceled,1
ad87df,delivered,6
ad87df,canceled,1
ad8ada,processing,2
ad8b53,delivered,2
ad8b53,canceled,1
ad97a1,delivered,17
ad97a1,shipped,1
adbc26,delivered,92
adbe70,delivered,5
adcf50,delivered,31
adcf50,shipped,5
adcf50,invoiced,2
ade459,delivered,10
aded58,delivered,5
ae45ad,delivered,2
ae45df,delivered,12
ae7ab1,delivered,7
ae8bfd,delivered,8
ae9690,delivered,1
aeb36d,delivered,4
aec998,delivered,1
af3ef4,delivered,21
af4a0e,delivered,26
af7cda,delivered,6
afa671,delivered,17
afac9f,canceled,1
afe006,delivered,45
afe006,canceled,1
b00af2,delivered,1
b01c2b,delivered,4
b02664,delivered,1
b03985,delivered,4
b05b43,delivered,2
b08080,delivered,11
b0b346,delivered,9
b0b346,shipped,3
b0f2a6,delivered,7
b1204c,delivered,6
b1204c,processing,5
b127ef,delivered,10
b12cfd,delivered,2
b14db0,delivered,105
b14db0,shipped,6
b16d3d,delivered,11
b17b67,delivered,51
b17b67,invoiced,3
b17b67,canceled,2
b17b67,processing,1
b18871,delivered,23
b18dc3,delivered,48
b18dc3,shipped,6
b19c48,delivered,1
b19f3c,delivered,19
b19f3c,processing,2
b19f3c,invoiced,2
b19f3c,canceled,1
b1a812,delivered,54
b1aaae,delivered,17
b1ac6e,delivered,38
b1ac6e,processing,2
b1ac6e,shipped,1
b1b394,delivered,14
b1b394,canceled,2
b1b394,shipped,1
b1b394,processing,1
b1fc4f,delivered,121
b1fecf,delivered,20
b2479f,delivered,129
b2479f,shipped,1
b2479f,canceled,1
b24879,delivered,9
b26741,delivered,2
b274ba,delivered,7
b29d33,delivered,7
b2a6d3,delivered,26
b2ac62,delivered,30
b2ba37,delivered,350
b2ba37,shipped,4
b2ba37,canceled,4
b2ba37,processing,3
b2ba37,invoiced,2
b2bdc5,invoiced,1
b2c970,delivered,11
b2eecf,delivered,11
b2f4d6,delivered,1
b32be1,delivered,45
b32be1,invoiced,1
b335c5,delivered,31
b335c5,processing,3
b335c5,canceled,1
b33aaa,delivered,17
b33e7c,delivered,152
b33e7c,shipped,3
b34767,delivered,21
b372ee,delivered,69
b37c4c,delivered,15
b3809b,delivered,1
b39d7f,delivered,48
b39d7f,shipped,1
b3b17a,delivered,13
b3e2fa,delivered,3
b3f195,delivered,8
b3f195,shipped,1
b410bd,delivered,42
b410bd,shipped,2
b41619,delivered,2
b43d8b,delivered,4
b44dbf,delivered,8
b452cb,delivered,2
b45d7e,delivered,3
b45d7e,processing,1
b45d7e,canceled,1
b49489,delivered,21
b49489,shipped,1
b499c0,delivered,182
b499c0,shipped,3
b499c0,processing,2
b4a476,delivered,35
b4a476,shipped,3
b4b447,delivered,5
b4f892,delivered,20
b4ffb7,delivered,164
b4ffb7,shipped,1
b55638,delivered,12
b56192,delivered,95
b566ab,delivered,5
b56828,delivered,3
b56906,delivered,42
b57e84,processing,2
b586cd,delivered,7
b5abf4,delivered,9
b5abf4,invoiced,3
b5b800,delivered,1
b5bb2b,delivered,2
b5d034,delivered,1
b5dd71,delivered,1
b5e3e3,delivered,17
b5f071,delivered,1
b5f49f,delivered,2
b64d51,delivered,23
b67d6c,delivered,8
b6c685,processing,1
b6d447,delivered,79
b6d447,canceled,1
b6dc74,delivered,10
b6dc74,shipped,3
b6e150,delivered,14
b6f52e,delivered,1
b74d1c,delivered,38
b74d1c,shipped,1
b76a1f,delivered,5
b76dba,delivered,167
b76dba,shipped,2
b76f4d,delivered,1
b77a27,processing,1
b77a27,delivered,1
b7ba85,delivered,1
b7ba85,canceled,1
b7cc6c,delivered,5
b7cc6c,canceled,1
b7d5b4,processing,1
b7d5b4,delivered,1
b7e175,delivered,4
b7ed9f,delivered,11
b8114f,delivered,11
b81e3a,delivered,11
b839e4,delivered,36
b83ced,delivered,25
b85553,delivered,28
b8578d,delivered,9
b8630e,delivered,12
b86a47,delivered,1
b87a7e,delivered,9
b88e7c,delivered,4
b8a0ad,delivered,6
b8bc23,delivered,47
b8d890,delivered,3
b906dd,delivered,2
b90e89,delivered,39
b92e3c,delivered,70
b94cc9,delivered,39
b98b71,delivered,4
b98b71,canceled,2
b9a034,delivered,11
b9c0ff,delivered,3
b9ca8e,delivered,14
b9de03,delivered,1
b9ec22,delivered,2
ba143b,delivered,84
ba143b,shipped,2
ba5daa,delivered,15
ba6b4a,delivered,8
ba6b68,delivered,5
ba6ce6,delivered,7
ba8979,delivered,2
ba8e85,delivered,1
ba9096,delivered,38
baa49d,delivered,6
bab0a8,delivered,1
babcc0,delivered,1
bac44f,delivered,1
bac692,delivered,3
bacb1f,delivered,38
bacb1f,canceled,3
bacb1f,shipped,1
baeda7,delivered,1
baf151,delivered,1
bafc5a,delivered,9
bb135b,delivered,38
bb2afe,delivered,6
bb3dca,delivered,3
bb5bd9,delivered,17
bb5d95,delivered,2
bb7a14,delivered,10
bb7a14,processing,1
bb7ad8,delivered,2
bba329,delivered,17
bba742,delivered,40
bba742,processing,1
bba8d0,delivered,1
bbad7e,delivered,84
bbad7e,shipped,1
bbaff5,delivered,16
bbd3ac,delivered,2
bbe87d,delivered,2
bbf4a8,delivered,1
bbf9ad,delivered,14
bc07d8,delivered,12
bc07d8,processing,1
bc2ac6,delivered,22
bc3027,delivered,11
bc30de,delivered,3
bc39d8,delivered,2
bc47d5,delivered,22
bc47d5,canceled,2
bc47d5,shipped,1
bc503e,delivered,13
bc503e,shipped,3
bc8c8d,delivered,1
bca923,delivered,5
bcc9dd,delivered,3
bccf93,delivered,46
bcd2d7,delivered,1
bce6a5,delivered,15
bcf556,canceled,4
bd0389,delivered,90
bd0a1b,delivered,4
bd149e,delivered,9
bd15ee,delivered,12
bd1d49,delivered,13
bd23da,delivered,87
bd23da,shipped,2
bd23da,canceled,1
bd43e1,delivered,1
bd4431,delivered,7
bd4889,delivered,42
bd4ff0,delivered,4
bd65d1,delivered,2
bd697d,delivered,21
bd697d,shipped,1
bdae67,delivered,12
bdb3ed,delivered,5
bdf0d0,delivered,7
be1e9e,delivered,2
be3b4b,delivered,8
be67f7,delivered,1
be7a09,delivered,1
be8e90,delivered,15
be9a16,delivered,5
be9a16,processing,2
beadbe,delivered,68
bec568,delivered,2
bede56,delivered,2
bee36b,processing,1
bee36b,delivered,1
bf0038,delivered,28
bf0038,shipped,1
bf0045,delivered,2
bf0d50,canceled,1
bf100e,delivered,21
bf3c6d,delivered,43
bf8405,delivered,38
bf8405,shipped,2
bf9611,delivered,4
bfd27a,delivered,115
bfd27a,shipped,2
bfd27a,processing,1
bfd938,delivered,6
bfd938,invoiced,5
bfd938,processing,1
bff9de,delivered,5
c00320,delivered,200
c00320,shipped,2
c00396,delivered,3
c004e5,delivered,1
c004e5,canceled,1
c0098e,delivered,9
c013e5,delivered,45
c026ef,delivered,1
c03121,delivered,7
c04d70,delivered,4
c0563d,delivered,28
c09229,delivered,1
c0aff2,delivered,5
c0e0b7,delivered,1
c0e683,processing,2
c0e683,delivered,1
c0f3ee,delivered,1
c0f783,delivered,6
c113b8,delivered,5
c12b92,delivered,17
c12d74,delivered,1
c13ef0,delivered,1
c13fb4,delivered,2
c1552b,delivered,2
c157bd,delivered,10
c161d1,delivered,2
c161d1,canceled,1
c18309,delivered,1
c1849d,delivered,3
c1d1eb,canceled,2
c1d1eb,delivered,1
c1dde1,delivered,1
c1ed9e,delivered,16
c1ed9e,canceled,1
c1f12f,delivered,4
c200c7,processing,2
c240c4,delivered,1
c24173,delivered,9
c26a2b,delivered,18
c26ba5,delivered,3
c26ba5,invoiced,1
c27317,delivered,14
c286ec,processing,1
c286ec,delivered,1
c2bda9,processing,1
c2bda9,delivered,1
c2d70c,delivered,15
c31eff,delivered,121
c31eff,shipped,2
c3251e,delivered,2
c32fc7,delivered,2
c32fc7,shipped,1
c33847,delivered,128
c33a5c,delivered,8
c33a5c,canceled,1
c353f8,delivered,2
c35672,delivered,22
c35aff,delivered,8
c35aff,shipped,1
c360e4,delivered,1
c37b20,delivered,16
c3867b,delivered,241
c3867b,invoiced,11
c3867b,canceled,5
c3867b,shipped,2
c394e1,delivered,11
c394e1,invoiced,1
c398bc,delivered,2
c3aad7,delivered,6
c3acdf,delivered,12
c3cfdc,delivered,307
c3e1ab,delivered,13
c3e239,delivered,1
c3ee23,delivered,3
c3f566,delivered,3
c3fe93,delivered,6
c3fe93,canceled,1
c42fd8,delivered,11
c43d92,delivered,1
c447f8,delivered,8
c458e2,delivered,9
c4af86,delivered,4
c4b911,processing,1
c4b911,canceled,1
c4d511,delivered,17
c4f7fe,delivered,5
c4f7fe,canceled,4
c4fabe,delivered,11
c4fb51,delivered,16
c50036,delivered,9
c510bc,delivered,12
c510bc,shipped,1
c522be,delivered,6
c522be,invoiced,1
c52c64,delivered,2
c53bcd,delivered,5
c542f5,processing,1
c54679,delivered,8
c5e60e,delivered,8
c5ebe6,delivered,3
c5f7e7,delivered,11
c5f7fe,delivered,11
c60b80,delivered,39
c60b80,shipped,1
c60b80,invoiced,1
c611f4,delivered,1
c62185,delivered,8
c6381b,delivered,3
c6381d,delivered,28
c64a2a,delivered,9
c66dcc,delivered,44
c66dcc,shipped,1
c679fb,delivered,17
c68fb9,delivered,48
c6a753,delivered,15
c6bda7,delivered,59
c70a35,delivered,6
c70c1b,delivered,336
c70c1b,invoiced,2
c71426,delivered,4
c716e0,delivered,1
c72467,delivered,1
c72de0,delivered,22
c731d1,delivered,26
c747d5,delivered,1
c74f14,delivered,1
c76d41,delivered,2
c79151,delivered,7
c79151,canceled,1
c794da,delivered,16
c7a0a1,delivered,9
c7b7db,delivered,1
c7bb64,delivered,4
c7c7b2,delivered,3
c7dcd3,delivered,3
c7dcd3,invoiced,1
c7fdb7,delivered,11
c7fdb7,canceled,1
c80253,delivered,2
c8143b,delivered,1
c826c4,delivered,365
c826c4,shipped,7
c826c4,invoiced,1
c840d3,delivered,14
c84178,delivered,35
c84178,shipped,1
c84592,delivered,14
c84592,canceled,1
c84679,delivered,33
c847e0,delivered,42
c847e0,canceled,1
c85d7b,processing,2
c86403,delivered,58
c8660d,delivered,7
c8665a,delivered,1
c8771b,delivered,1
c87851,delivered,10
c87abc,delivered,1
c88f62,processing,1
c89cf7,delivered,14
c8b0e2,delivered,85
c8b344,delivered,36
c8c1be,delivered,13
c8cc60,delivered,9
c8e135,delivered,7
c963a2,delivered,1
c97aa4,delivered,1
c990d6,delivered,9
c990d6,shipped,1
c990d6,invoiced,1
c9a06e,delivered,11
c9a06e,shipped,1
c9a06e,processing,1
c9a06e,canceled,1
c9aafc,delivered,47
c9aafc,shipped,4
c9aafc,invoiced,1
c9c790,delivered,139
c9d2ba,delivered,1
c9e5ad,delivered,4
ca3bd7,delivered,135
ca3bd7,shipped,2
ca3bd7,canceled,1
ca4b77,delivered,15
ca5832,delivered,1
ca7754,delivered,10
ca7c6b,delivered,8
caa9bc,delivered,14
cab855,delivered,204
cab855,shipped,5
cac4c8,delivered,82
cac4c8,shipped,1
cac4e0,delivered,3
cac63f,delivered,10
cac876,delivered,33
cad10c,delivered,1
cad996,delivered,1
cad996,canceled,1
cb0b3b,delivered,2
cb162c,delivered,1
cb3276,delivered,2
cb3dd9,delivered,50
cb3dd9,shipped,1
cb3dd9,canceled,1
cb41bf,delivered,11
cb41bf,invoiced,1
cb4a70,delivered,2
cb5df0,delivered,12
cb5df0,invoiced,5
cb5df0,processing,2
cb5ff1,delivered,4
cb6c9f,delivered,11
cb810b,delivered,1
cb8bcc,delivered,67
cb8bcc,shipped,2
cb9fb4,delivered,10
cbbd5a,processing,1
cbbd5a,delivered,1
cbd996,delivered,189
cbd996,shipped,7
cbf09e,delivered,10
cc1f04,delivered,1
cc3d14,delivered,30
cc419e,delivered,1719
cc419e,shipped,39
cc419e,canceled,9
cc419e,invoiced,8
cc5a78,delivered,38
cc63f0,delivered,63
cc80e2,delivered,2
cca307,delivered,817
cca307,shipped,9
cca307,invoiced,2
cca307,processing,1
cca307,canceled,1
ccada0,delivered,3
ccb83a,delivered,12
ccbd75,delivered,1
ccc4bb,delivered,189
ccc4bb,shipped,3
cce6ab,delivered,64
cce6ab,shipped,1
cce6ab,canceled,1
ccf881,delivered,26
cd0660,delivered,52
cd0660,canceled,1
cd2169,delivered,1
cd233f,delivered,1
cd3d09,delivered,12
cd52a8,delivered,2
cd52a8,processing,1
cd6856,delivered,129
cd6856,invoiced,2
cd6856,canceled,1
cd6efc,delivered,32
cd843d,delivered,5
cda598,delivered,18
ce20a2,delivered,7
ce248b,delivered,65
ce248b,canceled,1
ce27a3,delivered,151
ce27a3,invoiced,11
ce27a3,shipped,2
ce33c6,delivered,1
ce3ad9,delivered,1
ce4755,delivered,1
ce616e,delivered,22
ce616e,invoiced,2
ce69a8,delivered,19
ce7d18,delivered,84
cea729,delivered,26
ceaec5,delivered,206
ceaec5,shipped,3
ceaec5,canceled,2
ceb7b4,processing,1
cecd97,delivered,1
cee488,delivered,40
cf1313,delivered,5
cf2384,delivered,16
cf281c,unavailable,1
cf6547,delivered,4
cf6f6b,processing,1
cf8ab1,delivered,6
cf8ab1,invoiced,3
cfa5ab,delivered,20
cfa5ab,canceled,1
cfb1a0,delivered,179
cfb1a0,invoiced,3
cfb1a0,shipped,1
cfb1a0,canceled,1
cfd7dd,delivered,13
cfe944,delivered,24
d03698,delivered,21
d05ae8,delivered,80
d05ae8,canceled,1
d06d01,delivered,17
d0d70d,delivered,9
d101c6,delivered,16
d12c92,delivered,97
d12c92,shipped,1
d12c92,invoiced,1
d13e50,delivered,68
d13e50,shipped,1
d149de,delivered,3
d1582f,delivered,9
d17f46,delivered,11
d17f46,shipped,1
d180e0,delivered,1
d197aa,delivered,7
d1a1b4,canceled,1
d1a5cc,delivered,1
d1aa1e,delivered,1
d1b65f,delivered,40
d1b65f,canceled,1
d1b9d4,delivered,11
d1c281,delivered,239
d1c281,shipped,1
d1c7fa,delivered,12
d1e2fe,shipped,1
d1ef48,delivered,34
d1ef48,shipped,1
d20b02,delivered,102
d20b02,processing,2
d20b02,shipped,1
d20b02,canceled,1
d23019,delivered,39
d2374c,delivered,620
d2374c,shipped,9
d2374c,invoiced,1
d2374c,canceled,1
d2572f,delivered,1
d25aa0,delivered,21
d263fa,delivered,1
d26aa4,delivered,2
d297f1,delivered,1
d29ba1,delivered,9
d2df77,delivered,2
d2e753,delivered,15
d2f3e2,delivered,7
d32e39,delivered,11
d354c3,delivered,19
d354c3,shipped,1
d3674f,delivered,20
d36b07,delivered,1
d379f4,delivered,29
d38919,delivered,2
d3dcf0,delivered,9
d3e7d3,delivered,1
d3f39f,delivered,37
d3f39f,shipped,1
d4828f,delivered,1
d4910f,delivered,12
d4a5e9,delivered,6
d4d99b,delivered,1
d4e12e,delivered,32
d4e4b5,delivered,11
d4e4b5,processing,1
d4f117,delivered,17
d4f91e,delivered,1
d4ffeb,delivered,12
d50d79,delivered,70
d51e0a,delivered,25
d51e0a,shipped,1
d52cbc,delivered,4
d558eb,delivered,3
d566c3,delivered,73
d57e18,delivered,63
d58d52,delivered,2
d59498,delivered,7
d598f9,delivered,1
d5b9a0,delivered,7
d5ba41,delivered,34
d5ba41,shipped,1
d5c530,delivered,8
d5c530,shipped,1
d62412,delivered,28
d63c73,delivered,2
d63f30,delivered,1
d650b6,delivered,57
d650b6,shipped,3
d65f31,processing,2
d65f31,canceled,1
d66c11,delivered,16
d66c30,delivered,44
d66c30,shipped,1
d66c30,processing,1
d66c30,canceled,1
d673a5,delivered,84
d6ab72,delivered,14
d6b1ce,delivered,108
d6b664,delivered,6
d6cd01,canceled,2
d6cd01,delivered,1
d71d86,delivered,30
d71d86,invoiced,6
d73cbd,delivered,3
d73cbd,canceled,1
d7485b,delivered,10
d7827b,delivered,1
d79e84,delivered,5
d7ab82,delivered,3
d7b237,delivered,3
d7b237,invoiced,1
d7d517,delivered,1
d7f1cf,delivered,1
d85efb,delivered,1
d8b8f2,delivered,1
d8bf0f,delivered,1
d8c7ba,delivered,22
d8cf3b,delivered,19
d8d956,delivered,4
d8dd17,delivered,2
d90fe2,delivered,3
d91fb3,delivered,525
d91fb3,shipped,6
d91fb3,invoiced,5
d921b6,delivered,77
d93844,delivered,14
d93919,delivered,33
d93b84,delivered,1
d94420,delivered,22
d94a40,delivered,109
d94a40,shipped,1
d94ba0,delivered,9
d94ba0,shipped,1
d97df3,delivered,28
d97df3,shipped,1
d98eec,delivered,183
d9a84e,delivered,58
d9a84e,shipped,1
d9b00a,delivered,1
d9bd94,delivered,61
d9c349,delivered,1
d9cb00,delivered,3
d9cd36,delivered,3
d9d43f,delivered,6
d9d43f,shipped,2
d9e7e7,delivered,13
d9e8c0,delivered,12
da03c2,delivered,5
da2053,delivered,3
da2782,delivered,1
da3fed,delivered,1
da4d14,shipped,1
da6a60,delivered,13
da7039,delivered,18
da8622,delivered,1548
da8622,shipped,3
dace96,delivered,8
dadc51,canceled,1
daeb56,delivered,39
daeb56,shipped,2
daf565,delivered,9
db1f0f,delivered,3
db2956,delivered,46
db2956,shipped,2
db4350,delivered,145
db4350,shipped,1
db46ca,delivered,16
db6a4d,delivered,1
db7ed6,delivered,1
dbb9b4,delivered,118
dbbcfe,delivered,4
dbc221,delivered,417
dbc221,shipped,7
dbc221,canceled,4
dbc221,invoiced,1
dbc51f,delivered,1
dbd662,delivered,99
dbdd0e,delivered,16
dbec9a,delivered,3
dc120d,delivered,1
dc317f,delivered,58
dc4a0f,delivered,242
dc4a0f,shipped,7
dc50af,delivered,4
dc64d7,delivered,4
dc7192,delivered,8
dc8798,delivered,43
dc8798,invoiced,4
dc8798,shipped,3
dc8798,canceled,1
dcb736,delivered,1
dcf375,delivered,3
dd2641,delivered,1
dd2bdf,delivered,110
dd2bdf,canceled,2
dd2bdf,shipped,1
dd39ad,delivered,2
dd4d95,delivered,4
dd533b,delivered,43
dd533b,shipped,1
dd533b,processing,1
dd5450,delivered,1
dd55f1,delivered,37
dd58ee,delivered,2
dd7ddc,delivered,142
dd7ddc,shipped,1
dd88d1,delivered,1
dd8a29,delivered,2
dd9661,delivered,1
dda370,delivered,1
ddd51a,delivered,25
dde698,delivered,1
de09d0,delivered,3
de0c78,delivered,16
de23c3,delivered,178
de23c3,shipped,2
de23c3,canceled,1
de66a6,delivered,8
de722c,delivered,377
de722c,shipped,2
de9727,delivered,11
de9727,invoiced,1
deaadd,canceled,1
debe66,delivered,5
dedcab,delivered,2
dee656,delivered,94
dee656,shipped,1
df0f42,delivered,16
df47da,delivered,5
df5603,delivered,27
df5603,shipped,2
df56d7,delivered,25
df683d,delivered,1
df9191,delivered,13
df9191,shipped,1
dfa0c4,delivered,86
dfc475,delivered,20
dfc475,shipped,1
dfc5fb,delivered,34
dff87e,processing,1
dff87e,canceled,1
e00d85,delivered,1
e0482f,delivered,1
e04877,delivered,2
e067ad,delivered,61
e06f09,delivered,31
e0878e,delivered,28
e0878e,invoiced,1
e09887,delivered,3
e09887,invoiced,1
e0a366,delivered,51
e0a3c3,delivered,2
e0b162,delivered,1
e0eabd,delivered,8
e116c7,invoiced,2
e1643d,delivered,3
e174dc,processing,1
e1a210,processing,1
e1b124,delivered,10
e1bed6,delivered,1
e1c76f,delivered,1
e1dc07,delivered,12
e21a1e,delivered,23
e21a1e,shipped,1
e24d34,delivered,22
e24fc9,delivered,55
e24fc9,shipped,1
e250d6,delivered,20
e256a6,delivered,14
e26901,delivered,215
e26901,processing,3
e26901,shipped,1
e26901,invoiced,1
e26901,canceled,1
e2a1ac,delivered,5
e2aee0,delivered,39
e2aee0,shipped,1
e2aee0,canceled,1
e2c92f,delivered,12
e2c92f,shipped,2
e33304,delivered,74
e38db8,delivered,32
e3a386,delivered,17
e3b499,invoiced,2
e3b499,delivered,1
e3d3b3,delivered,3
e3dd72,delivered,8
e3e15e,processing,2
e3e15e,canceled,2
e3e290,delivered,3
e4253c,processing,2
e433f5,delivered,1
e439f7,delivered,6
e439f7,canceled,1
e45edf,delivered,7
e46bc0,canceled,1
e48b04,delivered,25
e48cc1,delivered,17
e49c26,delivered,35
e49c26,canceled,1
e4ebd3,delivered,7
e4f121,delivered,2
e4fc40,processing,2
e4fc40,delivered,1
e503f2,delivered,2
e504a4,delivered,11
e504a4,invoiced,1
e51f22,delivered,4
e53d5b,delivered,5
e54611,delivered,2
e5475d,delivered,19
e5545d,delivered,1
e560e4,delivered,2
e58996,delivered,3
e58a5b,delivered,7
e59580,delivered,1
e59aa5,delivered,82
e59aa5,shipped,2
e59e48,delivered,5
e59e57,delivered,1
e5a343,delivered,247
e5a343,shipped,7
e5a343,canceled,1
e5a381,delivered,124
e5a381,shipped,1
e5bd51,delivered,2
e5bd51,canceled,1
e5c842,delivered,4
e5cbe8,delivered,2
e5d4b2,delivered,4
e5def4,delivered,1
e5e33c,delivered,27
e5e33c,invoiced,1
e5e33c,canceled,1
e5f9e6,delivered,4
e601b0,delivered,16
e603cf,delivered,10
e603cf,canceled,1
e62762,delivered,11
e62762,canceled,2
e628d4,canceled,1
e62b2d,delivered,71
e63e8b,delivered,42
e63e8b,shipped,1
e644cb,delivered,9
e644cb,shipped,1
e64882,delivered,2
e64d65,delivered,12
e64ddb,delivered,1
e6a69c,delivered,23
e6a69c,processing,4
e6a69c,shipped,1
e6a69c,canceled,1
e6ffc9,invoiced,1
e70053,delivered,7
e72b4f,delivered,2
e73232,delivered,1
e73bf2,delivered,5
e76ecc,delivered,1
e7d5b0,delivered,63
e7df4c,delivered,24
e7f3bf,delivered,18
e7f3bf,canceled,1
e819bc,delivered,11
e81e1f,delivered,18
e82de6,delivered,3
e83c76,delivered,8
e83e93,delivered,3
e84ad2,delivered,23
e88165,delivered,2
e882b2,delivered,58
e883aa,delivered,29
e88c9b,delivered,9
e88f7a,delivered,2
e89c4a,delivered,25
e8a85b,delivered,14
e8b3a3,delivered,85
e8b3a3,invoiced,7
e8b422,delivered,30
e8b422,shipped,1
e8dba4,delivered,9
e8f6dc,delivered,44
e8f6dc,invoiced,4
e8ff5a,delivered,1
e908c0,delivered,1
e94b64,delivered,2
e9511d,delivered,30
e96498,delivered,34
e97299,delivered,4
e97799,delivered,738
e97799,invoiced,6
e97799,shipped,5
e97799,canceled,1
e9874a,delivered,1
e99e92,delivered,24
e99e92,shipped,1
e9b6c3,delivered,1
e9bc59,delivered,260
e9bc59,shipped,5
e9bc59,invoiced,3
e9bc59,canceled,1
e9c2dc,delivered,3
e9c696,delivered,10
e9d998,delivered,149
e9e446,delivered,3
e9e446,shipped,1
ea00f9,delivered,18
ea00f9,shipped,1
ea1776,delivered,2
ea1776,canceled,1
ea3ebe,delivered,3
ea4e9c,delivered,4
ea5661,delivered,52
ea65d8,delivered,16
ea6732,delivered,34
ea6b12,delivered,9
ea6b12,canceled,2
ea846a,delivered,3
ea8482,delivered,1188
ea8482,shipped,14
ea8482,canceled,1
eaaa46,delivered,1
ead2ba,delivered,9
eae9af,delivered,1
eaf6d5,delivered,3
eb1bf3,delivered,1
eb3071,delivered,11
eb4a59,invoiced,1
eb4a59,delivered,1
eb4df1,delivered,11
eb5b62,delivered,21
eb7280,delivered,8
eb9267,delivered,1
eb9cd5,delivered,3
eba880,delivered,6
ebd141,delivered,1
ebd2d6,delivered,85
ebd2d6,shipped,3
ebe3da,delivered,1
ebef8d,delivered,3
ec2120,processing,1
ec2120,delivered,1
ec2120,canceled,1
ec2e00,delivered,6
ec2e00,canceled,2
ec4608,delivered,29
ec4608,canceled,6
ec5c1d,delivered,3
ec80e4,delivered,12
ec8463,delivered,8
ec8879,delivered,35
ec8879,invoiced,1
ec9332,delivered,8
ecccfa,delivered,16
ecccfa,shipped,2
ecccfa,canceled,1
ececbf,delivered,103
ececbf,shipped,1
ed4311,delivered,26
ed46f1,delivered,4
ed49da,delivered,1
ed49da,canceled,1
ed4aca,delivered,40
ed8590,delivered,11
ed8590,shipped,2
ed8cb7,delivered,17
ed9eef,delivered,9
edb1ef,delivered,174
edb1ef,shipped,1
edb58a,delivered,1
edb65f,delivered,1
edc518,delivered,8
edd066,delivered,6
eddd19,delivered,2
eddd19,canceled,1
ede0c0,delivered,47
ede0c0,shipped,2
ede0c0,canceled,1
ede297,delivered,1
edf3fa,delivered,1
edf96e,delivered,28
ee27a8,delivered,1
ee2fba,delivered,3
eeb6de,delivered,83
eeb6de,shipped,1
eebb33,delivered,4
eebb33,canceled,2
eebb33,processing,1
eebb33,invoiced,1
eec346,delivered,4
eed78a,delivered,56
ef0ace,delivered,139
ef0ace,shipped,1
ef2fbc,delivered,21
ef2fbc,shipped,1
ef3089,delivered,9
ef506c,delivered,332
ef506c,shipped,6
ef506c,invoiced,1
ef506c,canceled,1
ef728f,delivered,4
ef990a,delivered,44
ef9952,delivered,5
efb628,delivered,1
efcd8d,delivered,50
efcd8d,shipped,1
efff93,delivered,5
f00e21,delivered,31
f00f5b,delivered,1
f021c9,delivered,5
f049a7,delivered,4
f0563b,unavailable,1
f0837c,delivered,23
f08a5b,delivered,18
f08c00,delivered,21
f08c00,processing,2
f09b76,delivered,1
f09e26,canceled,1
f0b47f,delivered,85
f0b47f,shipped,1
f0e103,delivered,11
f0ec6a,processing,2
f0ec78,delivered,2
f114dc,delivered,1
f1198c,delivered,2
f125f3,delivered,22
f12d3c,delivered,11
f12ff1,delivered,28
f12ff1,canceled,1
f18112,delivered,2
f18173,delivered,37
f19516,delivered,3
f19516,invoiced,2
f1b854,delivered,4
f1b936,delivered,10
f1c1ac,delivered,9
f1c1ac,canceled,5
f1ce5f,delivered,2
f1ed6b,delivered,18
f1fd5a,delivered,15
f1fdf2,delivered,1
f205b1,delivered,8
f214d2,delivered,57
f214d2,shipped,1
f214d2,invoiced,1
f22a24,delivered,8
f2336e,delivered,4
f23541,delivered,2
f23541,canceled,1
f25e23,delivered,8
f262cb,delivered,204
f262cb,shipped,2
f262cb,canceled,1
f26629,delivered,2
f26d70,delivered,1
f27e33,delivered,98
f3041c,delivered,1
f30554,processing,1
f30793,delivered,1
f32600,delivered,30
f32954,delivered,7
f3511c,delivered,1
f356c3,delivered,2
f35b3c,delivered,9
f35bec,delivered,6
f3862c,delivered,1
f3975e,delivered,2
f3b803,delivered,91
f3b803,shipped,1
f3c38a,delivered,15
f3da5b,delivered,82
f3da5b,invoiced,2
f410c8,delivered,2
f41967,delivered,6
f41ce2,delivered,27
f41ce2,shipped,1
f43589,delivered,12
f43827,delivered,2
f44b6f,delivered,10
f44bdc,delivered,7
f45122,delivered,197
f45122,shipped,2
f45122,invoiced,1
f457c4,delivered,230
f457c4,canceled,3
f457c4,shipped,1
f46490,delivered,87
f46490,shipped,4
f4a04f,delivered,18
f4aba7,delivered,115
f4aba7,shipped,2
f4c4da,delivered,18
f4c4da,processing,1
f4c4da,canceled,1
f4ce8c,delivered,4
f4db9b,delivered,22
f524ad,delivered,2
f52c24,delivered,13
f5403d,processing,2
f543ba,canceled,2
f59389,delivered,22
f59389,shipped,1
f5a590,delivered,118
f5a590,canceled,3
f5a590,shipped,1
f5b448,delivered,19
f5b846,delivered,1
f5f1f2,delivered,11
f5f1f2,shipped,2
f5f2ab,delivered,18
f5f463,delivered,10
f5fea3,processing,1
f5fea3,invoiced,1
f5fea3,delivered,1
f6122b,delivered,3
f615fe,delivered,23
f615fe,canceled,1
f61c63,delivered,26
f626e1,delivered,7
f62d7b,delivered,32
f63d8f,delivered,28
f650a9,delivered,4
f650a9,canceled,1
f664f9,delivered,2
f67efa,delivered,32
f680f8,delivered,54
f682e0,delivered,2
f7315b,delivered,2
f7496d,delivered,26
f7496d,shipped,1
f76a3b,delivered,24
f7720c,delivered,77
f7720c,shipped,1
f783a6,delivered,5
f789d2,delivered,49
f7ba60,delivered,229
f7ba60,shipped,1
f7c316,delivered,1
f7ccf8,delivered,73
f7ccf8,shipped,1
f7df46,processing,2
f7df46,canceled,1
f805b9,delivered,7
f80edd,delivered,125
f80edd,shipped,1
f80edd,invoiced,1
f80edd,canceled,1
f8201c,delivered,10
f84a00,delivered,97
f84a00,shipped,2
f84fa5,delivered,100
f84fa5,shipped,2
f88adb,delivered,3
f8d5c7,delivered,6
f8db35,delivered,714
f8db35,shipped,9
f8db35,canceled,1
f8e2c1,delivered,3
f8f35a,delivered,1
f90f77,delivered,1
f91854,delivered,23
f9244d,delivered,20
f9244d,shipped,1
f92d8c,delivered,5
f97e2b,delivered,21
f9903d,delivered,15
f9a02f,invoiced,1
f9bbdd,delivered,2
f9d010,delivered,5
f9ec70,delivered,9
f9eda0,shipped,1
f9eede,delivered,2
f9f68d,processing,1
f9f68d,delivered,1
fa1464,delivered,7
fa18c7,canceled,1
fa1a9d,delivered,60
fa1c13,delivered,579
fa1c13,shipped,4
fa1c13,processing,2
fa1c13,canceled,1
fa3a0b,delivered,7
fa40cc,delivered,337
fa40cc,shipped,2
fa40cc,canceled,1
fa5fdc,delivered,1
fa74b2,processing,6
fa74b2,delivered,5
fa7ad8,processing,2
fa8d33,delivered,1
fac1a9,delivered,10
fac35d,delivered,6
fad449,delivered,32
fadb07,delivered,7
fb3cfb,delivered,15
fb503a,delivered,1
fb8904,delivered,2
fb89df,delivered,25
fbc14c,delivered,18
fc0b21,delivered,1
fc38b5,delivered,5
fc4751,delivered,1
fc5939,delivered,5
fc5a0d,delivered,1
fc5a0d,canceled,1
fc6295,delivered,4
fc9062,delivered,117
fc9062,shipped,2
fc9088,delivered,4
fc99f9,canceled,1
fcb5ac,delivered,70
fcb5ac,shipped,1
fcb5ac,invoiced,1
fcb5ac,canceled,1
fcba71,delivered,3
fcdd82,delivered,27
fce620,delivered,11
fcf16b,delivered,7
fd312b,delivered,4
fd386a,delivered,76
fd435f,delivered,1
fdaaf5,delivered,15
fdb909,delivered,61
fde0cc,delivered,35
fdf736,delivered,1
fe19dc,delivered,1
fe1b06,delivered,8
fe1bbc,delivered,10
fe2032,delivered,305
fe2032,shipped,1
fe26f3,delivered,7
fe49ee,delivered,16
fe49ee,canceled,1
fe4cd9,delivered,3
fe701d,delivered,10
fe701d,shipped,1
fe8055,delivered,3
fe87f4,delivered,6
fe9d9c,delivered,1
feb793,delivered,1
febab0,delivered,126
febab0,shipped,3
fec627,delivered,10
fec691,processing,1
fec8cd,delivered,4
fedaed,delivered,1
fedf2c,delivered,5
ff063b,delivered,96
ff1e15,delivered,7
ff1fb4,delivered,49
ff314f,delivered,2
ff4e2d,delivered,11
ff4ea6,delivered,8
ff4ea6,canceled,1
ff69aa,delivered,20
ff82e8,delivered,4
ffa6ad,delivered,17
ffa6ad,shipped,1
ffad1e,delivered,15
ffc470,delivered,30
ffc470,shipped,1
ffcfef,canceled,1
ffdd9f,delivered,20
ffeee6,delivered,14
fffd54,delivered,58
fffd54,shipped,2
fffd54,canceled,1
ffff56,processing,8
ffff56,delivered,8
ffff56,canceled,4
